country,year,value
Algeria,1965,26500000.0
Angola,1965,655000.0
Argentina,1965,13800000.0
Australia,1965,346000.0
Azerbaijan,1965,0.0
Brazil,1965,5040000.0
Brunei,1965,3970000.0
Canada,1965,43900000.0
Chad,1965,0.0
China,1965,11300000.0
Colombia,1965,10700000.0
"Congo, Rep.",1965,71000.0
Denmark,1965,0.0
Ecuador,1965,429000.0
Egypt,1965,6480000.0
Equatorial Guinea,1965,0.0
Gabon,1965,1270000.0
India,1965,3020000.0
Indonesia,1965,24500000.0
Iran,1965,95700000.0
Iraq,1965,64700000.0
Italy,1965,2280000.0
Kazakhstan,1965,0.0
Kuwait,1965,119000000.0
Libya,1965,58000000.0
Malaysia,1965,47800.0
Mexico,1965,18100000.0
Nigeria,1965,13500000.0
Norway,1965,0.0
Oman,1965,0.0
Peru,1965,3390000.0
Qatar,1965,11600000.0
Romania,1965,12800000.0
Russia,1965,0.0
Saudi Arabia,1965,111000000.0
South Sudan,1965,0.0
Sudan,1965,0.0
Syria,1965,0.0
Thailand,1965,0.0
Trinidad and Tobago,1965,6670000.0
Tunisia,1965,0.0
Turkmenistan,1965,0.0
United Arab Emirates,1965,13700000.0
United Kingdom,1965,84000.0
United States,1965,428000000.0
Uzbekistan,1965,0.0
Venezuela,1965,184000000.0
Vietnam,1965,0.0
Yemen,1965,0.0
Algeria,1966,33900000.0
Angola,1966,631000.0
Argentina,1966,14600000.0
Australia,1966,445000.0
Azerbaijan,1966,0.0
Brazil,1966,6160000.0
Brunei,1966,4760000.0
Canada,1966,48200000.0
Chad,1966,0.0
China,1966,14600000.0
Colombia,1966,10400000.0
"Congo, Rep.",1966,62000.0
Denmark,1966,0.0
Ecuador,1966,375000.0
Egypt,1966,6260000.0
Equatorial Guinea,1966,0.0
Gabon,1966,1450000.0
India,1966,4650000.0
Indonesia,1966,23900000.0
Iran,1966,107000000.0
Iraq,1966,68600000.0
Italy,1966,1850000.0
Kazakhstan,1966,0.0
Kuwait,1966,126000000.0
Libya,1966,71700000.0
Malaysia,1966,47800.0
Mexico,1966,18500000.0
Nigeria,1966,20600000.0
Norway,1966,0.0
Oman,1966,0.0
Peru,1966,3390000.0
Qatar,1966,14500000.0
Romania,1966,13100000.0
Russia,1966,0.0
Saudi Arabia,1966,131000000.0
South Sudan,1966,0.0
Sudan,1966,0.0
Syria,1966,0.0
Thailand,1966,0.0
Trinidad and Tobago,1966,7560000.0
Tunisia,1966,771000.0
Turkmenistan,1966,0.0
United Arab Emirates,1966,17400000.0
United Kingdom,1966,78000.0
United States,1966,455000000.0
Uzbekistan,1966,0.0
Venezuela,1966,179000000.0
Vietnam,1966,0.0
Yemen,1966,0.0
Algeria,1967,39100000.0
Angola,1967,537000.0
Argentina,1967,16000000.0
Australia,1967,1040000.0
Azerbaijan,1967,0.0
Brazil,1967,7750000.0
Brunei,1967,5160000.0
Canada,1967,52700000.0
Chad,1967,0.0
China,1967,13900000.0
Colombia,1967,10100000.0
"Congo, Rep.",1967,50000.0
Denmark,1967,0.0
Ecuador,1967,322000.0
Egypt,1967,5580000.0
Equatorial Guinea,1967,0.0
Gabon,1967,3450000.0
India,1967,5670000.0
Indonesia,1967,25700000.0
Iran,1967,131000000.0
Iraq,1967,60500000.0
Italy,1967,1720000.0
Kazakhstan,1967,0.0
Kuwait,1967,126000000.0
Libya,1967,82400000.0
Malaysia,1967,47800.0
Mexico,1967,20500000.0
Nigeria,1967,15700000.0
Norway,1967,0.0
Oman,1967,2820000.0
Peru,1967,3810000.0
Qatar,1967,16100000.0
Romania,1967,13500000.0
Russia,1967,0.0
Saudi Arabia,1967,141000000.0
South Sudan,1967,0.0
Sudan,1967,0.0
Syria,1967,0.0
Thailand,1967,0.0
Trinidad and Tobago,1967,8850000.0
Tunisia,1967,2240000.0
Turkmenistan,1967,0.0
United Arab Emirates,1967,18500000.0
United Kingdom,1967,89000.0
United States,1967,484000000.0
Uzbekistan,1967,0.0
Venezuela,1967,188000000.0
Vietnam,1967,0.0
Yemen,1967,0.0
Algeria,1968,42900000.0
Angola,1968,750000.0
Argentina,1968,17500000.0
Australia,1968,1930000.0
Azerbaijan,1968,0.0
Brazil,1968,8510000.0
Brunei,1968,6070000.0
Canada,1968,57100000.0
Chad,1968,0.0
China,1968,16000000.0
Colombia,1968,9260000.0
"Congo, Rep.",1968,43000.0
Denmark,1968,0.0
Ecuador,1968,269000.0
Egypt,1968,8580000.0
Equatorial Guinea,1968,0.0
Gabon,1968,4640000.0
India,1968,5850000.0
Indonesia,1968,30300000.0
Iran,1968,143000000.0
Iraq,1968,74200000.0
Italy,1968,1630000.0
Kazakhstan,1968,0.0
Kuwait,1968,133000000.0
Libya,1968,124000000.0
Malaysia,1968,192000.0
Mexico,1968,21900000.0
Nigeria,1968,6960000.0
Norway,1968,0.0
Oman,1968,12000000.0
Peru,1968,3980000.0
Qatar,1968,17000000.0
Romania,1968,13500000.0
Russia,1968,0.0
Saudi Arabia,1968,154000000.0
South Sudan,1968,0.0
Sudan,1968,0.0
Syria,1968,1050000.0
Thailand,1968,0.0
Trinidad and Tobago,1968,9490000.0
Tunisia,1968,3190000.0
Turkmenistan,1968,0.0
United Arab Emirates,1968,24200000.0
United Kingdom,1968,84000.0
United States,1968,503000000.0
Uzbekistan,1968,0.0
Venezuela,1968,192000000.0
Vietnam,1968,0.0
Yemen,1968,0.0
Algeria,1969,44800000.0
Angola,1969,2460000.0
Argentina,1969,18100000.0
Australia,1969,2230000.0
Azerbaijan,1969,0.0
Brazil,1969,9290000.0
Brunei,1969,6150000.0
Canada,1969,62200000.0
Chad,1969,0.0
China,1969,21700000.0
Colombia,1969,11200000.0
"Congo, Rep.",1969,24000.0
Denmark,1969,0.0
Ecuador,1969,214000.0
Egypt,1969,12300000.0
Equatorial Guinea,1969,0.0
Gabon,1969,5030000.0
India,1969,6720000.0
Indonesia,1969,32400000.0
Iran,1969,169000000.0
Iraq,1969,74900000.0
Italy,1969,1590000.0
Kazakhstan,1969,0.0
Kuwait,1969,141000000.0
Libya,1969,148000000.0
Malaysia,1969,430000.0
Mexico,1969,23000000.0
Nigeria,1969,26600000.0
Norway,1969,0.0
Oman,1969,16200000.0
Peru,1969,3860000.0
Qatar,1969,17700000.0
Romania,1969,13500000.0
Russia,1969,0.0
Saudi Arabia,1969,163000000.0
South Sudan,1969,0.0
Sudan,1969,0.0
Syria,1969,2640000.0
Thailand,1969,0.0
Trinidad and Tobago,1969,7780000.0
Tunisia,1969,3710000.0
Turkmenistan,1969,0.0
United Arab Emirates,1969,29000000.0
United Kingdom,1969,85000.0
United States,1969,511000000.0
Uzbekistan,1969,0.0
Venezuela,1969,191000000.0
Vietnam,1969,0.0
Yemen,1969,0.0
Algeria,1970,48200000.0
Angola,1970,5070000.0
Argentina,1970,20000000.0
Australia,1970,8700000.0
Azerbaijan,1970,0.0
Brazil,1970,8790000.0
Brunei,1970,6750000.0
Canada,1970,70100000.0
Chad,1970,0.0
China,1970,30700000.0
Colombia,1970,11800000.0
"Congo, Rep.",1970,19000.0
Denmark,1970,0.0
Ecuador,1970,214000.0
Egypt,1970,16400000.0
Equatorial Guinea,1970,0.0
Gabon,1970,5420000.0
India,1970,6810000.0
Indonesia,1970,43100000.0
Iran,1970,193000000.0
Iraq,1970,76300000.0
Italy,1970,1500000.0
Kazakhstan,1970,0.0
Kuwait,1970,152000000.0
Libya,1970,160000000.0
Malaysia,1970,860000.0
Mexico,1970,24200000.0
Nigeria,1970,53400000.0
Norway,1970,0.0
Oman,1970,16400000.0
Peru,1970,3860000.0
Qatar,1970,18100000.0
Romania,1970,13700000.0
Russia,1970,0.0
Saudi Arabia,1970,192000000.0
South Sudan,1970,0.0
Sudan,1970,0.0
Syria,1970,4230000.0
Thailand,1970,0.0
Trinidad and Tobago,1970,6930000.0
Tunisia,1970,4150000.0
Turkmenistan,1970,0.0
United Arab Emirates,1970,36900000.0
United Kingdom,1970,156000.0
United States,1970,533000000.0
Uzbekistan,1970,0.0
Venezuela,1970,197000000.0
Vietnam,1970,0.0
Yemen,1970,0.0
Algeria,1971,37100000.0
Angola,1971,5720000.0
Argentina,1971,21600000.0
Australia,1971,15300000.0
Azerbaijan,1971,0.0
Brazil,1971,9200000.0
Brunei,1971,6400000.0
Canada,1971,75200000.0
Chad,1971,0.0
China,1971,39400000.0
Colombia,1971,11700000.0
"Congo, Rep.",1971,14000.0
Denmark,1971,0.0
Ecuador,1971,214000.0
Egypt,1971,15000000.0
Equatorial Guinea,1971,0.0
Gabon,1971,5800000.0
India,1971,7190000.0
Indonesia,1971,45000000.0
Iran,1971,229000000.0
Iraq,1971,83400000.0
Italy,1971,1350000.0
Kazakhstan,1971,0.0
Kuwait,1971,163000000.0
Libya,1971,131000000.0
Malaysia,1971,3300000.0
Mexico,1971,24100000.0
Nigeria,1971,75400000.0
Norway,1971,293000.0
Oman,1971,14600000.0
Peru,1971,3310000.0
Qatar,1971,21400000.0
Romania,1971,14100000.0
Russia,1971,0.0
Saudi Arabia,1971,241000000.0
South Sudan,1971,0.0
Sudan,1971,0.0
Syria,1971,5280000.0
Thailand,1971,0.0
Trinidad and Tobago,1971,6390000.0
Tunisia,1971,4110000.0
Turkmenistan,1971,0.0
United Arab Emirates,1971,53600000.0
United Kingdom,1971,212000.0
United States,1971,526000000.0
Uzbekistan,1971,0.0
Venezuela,1971,190000000.0
Vietnam,1971,0.0
Yemen,1971,0.0
Algeria,1972,50100000.0
Angola,1972,7060000.0
Argentina,1972,22200000.0
Australia,1972,16300000.0
Azerbaijan,1972,0.0
Brazil,1972,9030000.0
Brunei,1972,9060000.0
Canada,1972,86700000.0
Chad,1972,0.0
China,1972,45700000.0
Colombia,1972,10600000.0
"Congo, Rep.",1972,336000.0
Denmark,1972,97700.0
Ecuador,1972,4190000.0
Egypt,1972,10700000.0
Equatorial Guinea,1972,0.0
Gabon,1972,6300000.0
India,1972,7370000.0
Indonesia,1972,54700000.0
Iran,1972,254000000.0
Iraq,1972,72400000.0
Italy,1972,1210000.0
Kazakhstan,1972,0.0
Kuwait,1972,167000000.0
Libya,1972,107000000.0
Malaysia,1972,4460000.0
Mexico,1972,25100000.0
Nigeria,1972,89800000.0
Norway,1972,1610000.0
Oman,1972,14000000.0
Peru,1972,3470000.0
Qatar,1972,24100000.0
Romania,1972,14400000.0
Russia,1972,0.0
Saudi Arabia,1972,304000000.0
South Sudan,1972,0.0
Sudan,1972,0.0
Syria,1972,5840000.0
Thailand,1972,0.0
Trinidad and Tobago,1972,7000000.0
Tunisia,1972,3980000.0
Turkmenistan,1972,0.0
United Arab Emirates,1972,63100000.0
United Kingdom,1972,333000.0
United States,1972,528000000.0
Uzbekistan,1972,0.0
Venezuela,1972,174000000.0
Vietnam,1972,0.0
Yemen,1972,0.0
Algeria,1973,50900000.0
Angola,1973,8180000.0
Argentina,1973,21600000.0
Australia,1973,20400000.0
Azerbaijan,1973,0.0
Brazil,1973,9160000.0
Brunei,1973,11400000.0
Canada,1973,100000000.0
Chad,1973,0.0
China,1973,53600000.0
Colombia,1973,9950000.0
"Congo, Rep.",1973,2090000.0
Denmark,1973,146000.0
Ecuador,1973,11200000.0
Egypt,1973,8480000.0
Equatorial Guinea,1973,0.0
Gabon,1973,7600000.0
India,1973,7200000.0
Indonesia,1973,67500000.0
Iran,1973,295000000.0
Iraq,1973,99400000.0
Italy,1973,1110000.0
Kazakhstan,1973,0.0
Kuwait,1973,154000000.0
Libya,1973,105000000.0
Malaysia,1973,4350000.0
Mexico,1973,25900000.0
Nigeria,1973,101000000.0
Norway,1973,1560000.0
Oman,1973,14500000.0
Peru,1973,3780000.0
Qatar,1973,28400000.0
Romania,1973,14600000.0
Russia,1973,0.0
Saudi Arabia,1973,384000000.0
South Sudan,1973,0.0
Sudan,1973,0.0
Syria,1973,5530000.0
Thailand,1973,0.0
Trinidad and Tobago,1973,8220000.0
Tunisia,1973,3880000.0
Turkmenistan,1973,0.0
United Arab Emirates,1973,70500000.0
United Kingdom,1973,372000.0
United States,1973,515000000.0
Uzbekistan,1973,0.0
Venezuela,1973,181000000.0
Vietnam,1973,0.0
Yemen,1973,0.0
Algeria,1974,47400000.0
Angola,1974,8540000.0
Argentina,1974,21100000.0
Australia,1974,20200000.0
Azerbaijan,1974,0.0
Brazil,1974,9550000.0
Brunei,1974,9740000.0
Canada,1974,94400000.0
Chad,1974,0.0
China,1974,64900000.0
Colombia,1974,9070000.0
"Congo, Rep.",1974,2460000.0
Denmark,1974,97500.0
Ecuador,1974,9490000.0
Egypt,1974,7450000.0
Equatorial Guinea,1974,0.0
Gabon,1974,10200000.0
India,1974,7490000.0
Indonesia,1974,69400000.0
Iran,1974,303000000.0
Iraq,1974,97300000.0
Italy,1974,1100000.0
Kazakhstan,1974,0.0
Kuwait,1974,130000000.0
Libya,1974,73600000.0
Malaysia,1974,3870000.0
Mexico,1974,32400000.0
Nigeria,1974,111000000.0
Norway,1974,1710000.0
Oman,1974,14400000.0
Peru,1974,4090000.0
Qatar,1974,25800000.0
Romania,1974,14800000.0
Russia,1974,0.0
Saudi Arabia,1974,430000000.0
South Sudan,1974,0.0
Sudan,1974,0.0
Syria,1974,6420000.0
Thailand,1974,0.0
Trinidad and Tobago,1974,9260000.0
Tunisia,1974,4140000.0
Turkmenistan,1974,0.0
United Arab Emirates,1974,79000000.0
United Kingdom,1974,410000.0
United States,1974,491000000.0
Uzbekistan,1974,0.0
Venezuela,1974,161000000.0
Vietnam,1974,0.0
Yemen,1974,0.0
Algeria,1975,45800000.0
Angola,1975,7790000.0
Argentina,1975,20300000.0
Australia,1975,21600000.0
Azerbaijan,1975,0.0
Brazil,1975,9310000.0
Brunei,1975,9170000.0
Canada,1975,81600000.0
Chad,1975,0.0
China,1975,77100000.0
Colombia,1975,8500000.0
"Congo, Rep.",1975,1790000.0
Denmark,1975,146000.0
Ecuador,1975,8630000.0
Egypt,1975,11700000.0
Equatorial Guinea,1975,0.0
Gabon,1975,11300000.0
India,1975,8280000.0
Indonesia,1975,65900000.0
Iran,1975,269000000.0
Iraq,1975,112000000.0
Italy,1975,1240000.0
Kazakhstan,1975,0.0
Kuwait,1975,106000000.0
Libya,1975,71500000.0
Malaysia,1975,4680000.0
Mexico,1975,40200000.0
Nigeria,1975,87900000.0
Norway,1975,9220000.0
Oman,1975,16900000.0
Peru,1975,3800000.0
Qatar,1975,21800000.0
Romania,1975,15000000.0
Russia,1975,0.0
Saudi Arabia,1975,359000000.0
South Sudan,1975,0.0
Sudan,1975,0.0
Syria,1975,9560000.0
Thailand,1975,0.0
Trinidad and Tobago,1975,10700000.0
Tunisia,1975,4610000.0
Turkmenistan,1975,0.0
United Arab Emirates,1975,82100000.0
United Kingdom,1975,1570000.0
United States,1975,470000000.0
Uzbekistan,1975,0.0
Venezuela,1975,127000000.0
Vietnam,1975,0.0
Yemen,1975,0.0
Algeria,1976,50600000.0
Angola,1976,7560000.0
Argentina,1976,20400000.0
Australia,1976,22100000.0
Azerbaijan,1976,0.0
Brazil,1976,9070000.0
Brunei,1976,10600000.0
Canada,1976,75300000.0
Chad,1976,0.0
China,1976,87200000.0
Colombia,1976,7940000.0
"Congo, Rep.",1976,2100000.0
Denmark,1976,195000.0
Ecuador,1976,10100000.0
Egypt,1976,16600000.0
Equatorial Guinea,1976,0.0
Gabon,1976,11300000.0
India,1976,8660000.0
Indonesia,1976,76100000.0
Iran,1976,297000000.0
Iraq,1976,120000000.0
Italy,1976,1290000.0
Kazakhstan,1976,0.0
Kuwait,1976,110000000.0
Libya,1976,93500000.0
Malaysia,1976,8000000.0
Mexico,1976,44800000.0
Nigeria,1976,102000000.0
Norway,1976,13700000.0
Oman,1976,18200000.0
Peru,1976,4020000.0
Qatar,1976,24300000.0
Romania,1976,15100000.0
Russia,1976,0.0
Saudi Arabia,1976,437000000.0
South Sudan,1976,0.0
Sudan,1976,0.0
Syria,1976,10000000.0
Thailand,1976,0.0
Trinidad and Tobago,1976,10500000.0
Tunisia,1976,3710000.0
Turkmenistan,1976,0.0
United Arab Emirates,1976,94100000.0
United Kingdom,1976,12200000.0
United States,1976,458000000.0
Uzbekistan,1976,0.0
Venezuela,1976,125000000.0
Vietnam,1976,0.0
Yemen,1976,0.0
Algeria,1977,54100000.0
Angola,1977,7060000.0
Argentina,1977,22100000.0
Australia,1977,23400000.0
Azerbaijan,1977,0.0
Brazil,1977,8740000.0
Brunei,1977,11100000.0
Canada,1977,75600000.0
Chad,1977,0.0
China,1977,93600000.0
Colombia,1977,7470000.0
"Congo, Rep.",1977,1640000.0
Denmark,1977,487000.0
Ecuador,1977,9840000.0
Egypt,1977,20900000.0
Equatorial Guinea,1977,0.0
Gabon,1977,11300000.0
India,1977,10200000.0
Indonesia,1977,84900000.0
Iran,1977,286000000.0
Iraq,1977,116000000.0
Italy,1977,1250000.0
Kazakhstan,1977,0.0
Kuwait,1977,101000000.0
Libya,1977,99600000.0
Malaysia,1977,8740000.0
Mexico,1977,54400000.0
Nigeria,1977,103000000.0
Norway,1977,14000000.0
Oman,1977,16800000.0
Peru,1977,4790000.0
Qatar,1977,21700000.0
Romania,1977,15000000.0
Russia,1977,0.0
Saudi Arabia,1977,468000000.0
South Sudan,1977,0.0
Sudan,1977,0.0
Syria,1977,9110000.0
Thailand,1977,0.0
Trinidad and Tobago,1977,11300000.0
Tunisia,1977,4300000.0
Turkmenistan,1977,0.0
United Arab Emirates,1977,96800000.0
United Kingdom,1977,38300000.0
United States,1977,463000000.0
Uzbekistan,1977,0.0
Venezuela,1977,121000000.0
Vietnam,1977,0.0
Yemen,1977,0.0
Algeria,1978,57700000.0
Angola,1978,6470000.0
Argentina,1978,23200000.0
Australia,1978,23200000.0
Azerbaijan,1978,0.0
Brazil,1978,8690000.0
Brunei,1978,11700000.0
Canada,1978,75200000.0
Chad,1978,0.0
China,1978,104000000.0
Colombia,1978,7100000.0
"Congo, Rep.",1978,2430000.0
Denmark,1978,390000.0
Ecuador,1978,10900000.0
Egypt,1978,25200000.0
Equatorial Guinea,1978,0.0
Gabon,1978,10600000.0
India,1978,11300000.0
Indonesia,1978,82100000.0
Iran,1978,265000000.0
Iraq,1978,127000000.0
Italy,1978,1490000.0
Kazakhstan,1978,0.0
Kuwait,1978,109000000.0
Libya,1978,95600000.0
Malaysia,1978,10300000.0
Mexico,1978,66700000.0
Nigeria,1978,93400000.0
Norway,1978,17400000.0
Oman,1978,15600000.0
Peru,1978,7920000.0
Qatar,1978,24100000.0
Romania,1978,14100000.0
Russia,1978,0.0
Saudi Arabia,1978,424000000.0
South Sudan,1978,0.0
Sudan,1978,0.0
Syria,1978,8910000.0
Thailand,1978,0.0
Trinidad and Tobago,1978,11400000.0
Tunisia,1978,4940000.0
Turkmenistan,1978,0.0
United Arab Emirates,1978,88600000.0
United Kingdom,1978,54000000.0
United States,1978,484000000.0
Uzbekistan,1978,0.0
Venezuela,1978,117000000.0
Vietnam,1978,0.0
Yemen,1978,0.0
Algeria,1979,57600000.0
Angola,1979,7200000.0
Argentina,1979,24300000.0
Australia,1979,23300000.0
Azerbaijan,1979,0.0
Brazil,1979,9000000.0
Brunei,1979,12700000.0
Canada,1979,86300000.0
Chad,1979,0.0
China,1979,106000000.0
Colombia,1979,6680000.0
"Congo, Rep.",1979,2760000.0
Denmark,1979,390000.0
Ecuador,1979,11500000.0
Egypt,1979,26100000.0
Equatorial Guinea,1979,0.0
Gabon,1979,9800000.0
India,1979,12800000.0
Indonesia,1979,79500000.0
Iran,1979,160000000.0
Iraq,1979,172000000.0
Italy,1979,1720000.0
Kazakhstan,1979,0.0
Kuwait,1979,130000000.0
Libya,1979,101000000.0
Malaysia,1979,13500000.0
Mexico,1979,80700000.0
Nigeria,1979,114000000.0
Norway,1979,19500000.0
Oman,1979,14600000.0
Peru,1979,10100000.0
Qatar,1979,25200000.0
Romania,1979,12700000.0
Russia,1979,0.0
Saudi Arabia,1979,488000000.0
South Sudan,1979,0.0
Sudan,1979,0.0
Syria,1979,8320000.0
Thailand,1979,0.0
Trinidad and Tobago,1979,10600000.0
Tunisia,1979,5540000.0
Turkmenistan,1979,0.0
United Arab Emirates,1979,88700000.0
United Kingdom,1979,77900000.0
United States,1979,477000000.0
Uzbekistan,1979,0.0
Venezuela,1979,127000000.0
Vietnam,1979,0.0
Yemen,1979,0.0
Algeria,1980,51800000.0
Angola,1980,7430000.0
Argentina,1980,25300000.0
Australia,1980,21800000.0
Azerbaijan,1980,0.0
Brazil,1980,9880000.0
Brunei,1980,11700000.0
Canada,1980,83300000.0
Chad,1980,0.0
China,1980,106000000.0
Colombia,1980,6800000.0
"Congo, Rep.",1980,3170000.0
Denmark,1980,293000.0
Ecuador,1980,11000000.0
Egypt,1980,29800000.0
Equatorial Guinea,1980,0.0
Gabon,1980,8900000.0
India,1980,9400000.0
Indonesia,1980,79000000.0
Iran,1980,74200000.0
Iraq,1980,131000000.0
Italy,1980,1710000.0
Kazakhstan,1980,0.0
Kuwait,1980,86800000.0
Libya,1980,88300000.0
Malaysia,1980,13200000.0
Mexico,1980,107000000.0
Nigeria,1980,102000000.0
Norway,1980,25100000.0
Oman,1980,14100000.0
Peru,1980,10200000.0
Qatar,1980,23700000.0
Romania,1980,12000000.0
Russia,1980,0.0
Saudi Arabia,1980,510000000.0
South Sudan,1980,0.0
Sudan,1980,0.0
Syria,1980,7890000.0
Thailand,1980,0.0
Trinidad and Tobago,1980,10500000.0
Tunisia,1980,5630000.0
Turkmenistan,1980,0.0
United Arab Emirates,1980,84300000.0
United Kingdom,1980,80500000.0
United States,1980,480000000.0
Uzbekistan,1980,0.0
Venezuela,1980,117000000.0
Vietnam,1980,0.0
Yemen,1980,0.0
Algeria,1981,46800000.0
Angola,1981,7160000.0
Argentina,1981,25700000.0
Australia,1981,21300000.0
Azerbaijan,1981,0.0
Brazil,1981,11500000.0
Brunei,1981,8460000.0
Canada,1981,75400000.0
Chad,1981,0.0
China,1981,101000000.0
Colombia,1981,7260000.0
"Congo, Rep.",1981,4100000.0
Denmark,1981,731000.0
Ecuador,1981,11400000.0
Egypt,1981,32200000.0
Equatorial Guinea,1981,0.0
Gabon,1981,7650000.0
India,1981,15000000.0
Indonesia,1981,80000000.0
Iran,1981,66200000.0
Iraq,1981,44500000.0
Italy,1981,1490000.0
Kazakhstan,1981,0.0
Kuwait,1981,58600000.0
Libya,1981,59100000.0
Malaysia,1981,12400000.0
Mexico,1981,128000000.0
Nigeria,1981,70900000.0
Norway,1981,24300000.0
Oman,1981,16300000.0
Peru,1981,10100000.0
Qatar,1981,20700000.0
Romania,1981,12100000.0
Russia,1981,0.0
Saudi Arabia,1981,506000000.0
South Sudan,1981,0.0
Sudan,1981,0.0
Syria,1981,8170000.0
Thailand,1981,67000.0
Trinidad and Tobago,1981,9360000.0
Tunisia,1981,5410000.0
Turkmenistan,1981,0.0
United Arab Emirates,1981,74100000.0
United Kingdom,1981,89500000.0
United States,1981,479000000.0
Uzbekistan,1981,0.0
Venezuela,1981,114000000.0
Vietnam,1981,0.0
Yemen,1981,0.0
Algeria,1982,46800000.0
Angola,1982,6410000.0
Argentina,1982,25600000.0
Australia,1982,21000000.0
Azerbaijan,1982,0.0
Brazil,1982,14100000.0
Brunei,1982,8680000.0
Canada,1982,74600000.0
Chad,1982,0.0
China,1982,102000000.0
Colombia,1982,7650000.0
"Congo, Rep.",1982,4550000.0
Denmark,1982,1660000.0
Ecuador,1982,11400000.0
Egypt,1982,33300000.0
Equatorial Guinea,1982,0.0
Gabon,1982,7790000.0
India,1982,19900000.0
Indonesia,1982,66600000.0
Iran,1982,120000000.0
Iraq,1982,48500000.0
Italy,1982,1760000.0
Kazakhstan,1982,0.0
Kuwait,1982,42700000.0
Libya,1982,55400000.0
Malaysia,1982,14500000.0
Mexico,1982,151000000.0
Nigeria,1982,63500000.0
Norway,1982,25200000.0
Oman,1982,16700000.0
Peru,1982,10200000.0
Qatar,1982,16900000.0
Romania,1982,12200000.0
Russia,1982,0.0
Saudi Arabia,1982,340000000.0
South Sudan,1982,0.0
Sudan,1982,0.0
Syria,1982,7720000.0
Thailand,1982,241000.0
Trinidad and Tobago,1982,8770000.0
Tunisia,1982,5150000.0
Turkmenistan,1982,0.0
United Arab Emirates,1982,65100000.0
United Kingdom,1982,103000000.0
United States,1982,481000000.0
Uzbekistan,1982,0.0
Venezuela,1982,103000000.0
Vietnam,1982,0.0
Yemen,1982,0.0
Algeria,1983,45900000.0
Angola,1983,8790000.0
Argentina,1983,25700000.0
Australia,1983,20400000.0
Azerbaijan,1983,0.0
Brazil,1983,17800000.0
Brunei,1983,8680000.0
Canada,1983,78600000.0
Chad,1983,0.0
China,1983,106000000.0
Colombia,1983,8200000.0
"Congo, Rep.",1983,5370000.0
Denmark,1983,2100000.0
Ecuador,1983,12800000.0
Egypt,1983,36400000.0
Equatorial Guinea,1983,0.0
Gabon,1983,7870000.0
India,1983,25400000.0
Indonesia,1983,70700000.0
Iran,1983,123000000.0
Iraq,1983,54400000.0
Italy,1983,2240000.0
Kazakhstan,1983,0.0
Kuwait,1983,55000000.0
Libya,1983,54300000.0
Malaysia,1983,18400000.0
Mexico,1983,147000000.0
Nigeria,1983,60900000.0
Norway,1983,31400000.0
Oman,1983,19300000.0
Peru,1983,8930000.0
Qatar,1983,15300000.0
Romania,1983,12100000.0
Russia,1983,0.0
Saudi Arabia,1983,240000000.0
South Sudan,1983,0.0
Sudan,1983,0.0
Syria,1983,8020000.0
Thailand,1983,585000.0
Trinidad and Tobago,1983,7920000.0
Tunisia,1983,5530000.0
Turkmenistan,1983,0.0
United Arab Emirates,1983,60800000.0
United Kingdom,1983,115000000.0
United States,1983,483000000.0
Uzbekistan,1983,0.0
Venezuela,1983,97300000.0
Vietnam,1983,0.0
Yemen,1983,0.0
Algeria,1984,49500000.0
Angola,1984,10100000.0
Argentina,1984,25100000.0
Australia,1984,26500000.0
Azerbaijan,1984,0.0
Brazil,1984,25000000.0
Brunei,1984,8350000.0
Canada,1984,83800000.0
Chad,1984,0.0
China,1984,115000000.0
Colombia,1984,9020000.0
"Congo, Rep.",1984,6030000.0
Denmark,1984,2300000.0
Ecuador,1984,13900000.0
Egypt,1984,41800000.0
Equatorial Guinea,1984,0.0
Gabon,1984,8730000.0
India,1984,28200000.0
Indonesia,1984,74900000.0
Iran,1984,103000000.0
Iraq,1984,60500000.0
Italy,1984,2270000.0
Kazakhstan,1984,0.0
Kuwait,1984,60700000.0
Libya,1984,48200000.0
Malaysia,1984,21400000.0
Mexico,1984,148000000.0
Nigeria,1984,68600000.0
Norway,1984,36000000.0
Oman,1984,20800000.0
Peru,1984,9670000.0
Qatar,1984,17100000.0
Romania,1984,11900000.0
Russia,1984,0.0
Saudi Arabia,1984,219000000.0
South Sudan,1984,0.0
Sudan,1984,0.0
Syria,1984,8090000.0
Thailand,1984,1060000.0
Trinidad and Tobago,1984,8440000.0
Tunisia,1984,5480000.0
Turkmenistan,1984,0.0
United Arab Emirates,1984,59900000.0
United Kingdom,1984,126000000.0
United States,1984,496000000.0
Uzbekistan,1984,0.0
Venezuela,1984,97600000.0
Vietnam,1984,0.0
Yemen,1984,0.0
Algeria,1985,50000000.0
Angola,1985,11500000.0
Argentina,1985,24200000.0
Australia,1985,30700000.0
Azerbaijan,1985,13200000.0
Brazil,1985,29500000.0
Brunei,1985,8100000.0
Canada,1985,85700000.0
Chad,1985,0.0
China,1985,125000000.0
Colombia,1985,9520000.0
"Congo, Rep.",1985,5940000.0
Denmark,1985,2920000.0
Ecuador,1985,15200000.0
Egypt,1985,45100000.0
Equatorial Guinea,1985,0.0
Gabon,1985,8630000.0
India,1985,30200000.0
Indonesia,1985,66300000.0
Iran,1985,110000000.0
Iraq,1985,69800000.0
Italy,1985,2380000.0
Kazakhstan,1985,22700000.0
Kuwait,1985,55500000.0
Libya,1985,48400000.0
Malaysia,1985,21300000.0
Mexico,1985,146000000.0
Nigeria,1985,73800000.0
Norway,1985,39200000.0
Oman,1985,24800000.0
Peru,1985,9850000.0
Qatar,1985,15300000.0
Romania,1985,11200000.0
Russia,1985,542000000.0
Saudi Arabia,1985,172000000.0
South Sudan,1985,0.0
Sudan,1985,0.0
Syria,1985,7930000.0
Thailand,1985,2010000.0
Trinidad and Tobago,1985,8640000.0
Tunisia,1985,5410000.0
Turkmenistan,1985,6780000.0
United Arab Emirates,1985,58300000.0
United Kingdom,1985,128000000.0
United States,1985,499000000.0
Uzbekistan,1985,2310000.0
Venezuela,1985,91500000.0
Vietnam,1985,0.0
Yemen,1985,0.0
Algeria,1986,51800000.0
Angola,1986,13900000.0
Argentina,1986,22900000.0
Australia,1986,27400000.0
Azerbaijan,1986,13100000.0
Brazil,1986,31000000.0
Brunei,1986,7990000.0
Canada,1986,85700000.0
Chad,1986,0.0
China,1986,131000000.0
Colombia,1986,16100000.0
"Congo, Rep.",1986,5950000.0
Denmark,1986,3610000.0
Ecuador,1986,15900000.0
Egypt,1986,41100000.0
Equatorial Guinea,1986,0.0
Gabon,1986,8300000.0
India,1986,31600000.0
Indonesia,1986,70400000.0
Iran,1986,103000000.0
Iraq,1986,93200000.0
Italy,1986,2560000.0
Kazakhstan,1986,23300000.0
Kuwait,1986,59400000.0
Libya,1986,50200000.0
Malaysia,1986,23900000.0
Mexico,1986,137000000.0
Nigeria,1986,72300000.0
Norway,1986,43000000.0
Oman,1986,27900000.0
Peru,1986,9330000.0
Qatar,1986,17300000.0
Romania,1986,10700000.0
Russia,1986,561000000.0
Saudi Arabia,1986,253000000.0
South Sudan,1986,0.0
Sudan,1986,0.0
Syria,1986,9980000.0
Thailand,1986,1970000.0
Trinidad and Tobago,1986,8300000.0
Tunisia,1986,5250000.0
Turkmenistan,1986,6560000.0
United Arab Emirates,1986,73400000.0
United Kingdom,1986,127000000.0
United States,1986,482000000.0
Uzbekistan,1986,2530000.0
Venezuela,1986,98900000.0
Vietnam,1986,0.0
Yemen,1986,478000.0
Algeria,1987,52600000.0
Angola,1987,17500000.0
Argentina,1987,22600000.0
Australia,1987,29100000.0
Azerbaijan,1987,13900000.0
Brazil,1987,30800000.0
Brunei,1987,7500000.0
Canada,1987,90300000.0
Chad,1987,0.0
China,1987,134000000.0
Colombia,1987,20400000.0
"Congo, Rep.",1987,6320000.0
Denmark,1987,4530000.0
Ecuador,1987,9390000.0
Egypt,1987,46200000.0
Equatorial Guinea,1987,0.0
Gabon,1987,7730000.0
India,1987,30700000.0
Indonesia,1987,69800000.0
Iran,1987,117000000.0
Iraq,1987,117000000.0
Italy,1987,3940000.0
Kazakhstan,1987,24100000.0
Kuwait,1987,52100000.0
Libya,1987,47300000.0
Malaysia,1987,23600000.0
Mexico,1987,143000000.0
Nigeria,1987,66400000.0
Norway,1987,50100000.0
Oman,1987,29000000.0
Peru,1987,8600000.0
Qatar,1987,15300000.0
Romania,1987,10000000.0
Russia,1987,569000000.0
Saudi Arabia,1987,221000000.0
South Sudan,1987,0.0
Sudan,1987,0.0
Syria,1987,11500000.0
Thailand,1987,1810000.0
Trinidad and Tobago,1987,7610000.0
Tunisia,1987,5010000.0
Turkmenistan,1987,6470000.0
United Arab Emirates,1987,74600000.0
United Kingdom,1987,123000000.0
United States,1987,467000000.0
Uzbekistan,1987,2670000.0
Venezuela,1987,100000000.0
Vietnam,1987,280000.0
Yemen,1987,1240000.0
Algeria,1988,53600000.0
Angola,1988,22300000.0
Argentina,1988,23700000.0
Australia,1988,27700000.0
Azerbaijan,1988,13700000.0
Brazil,1988,30100000.0
Brunei,1988,7250000.0
Canada,1988,95100000.0
Chad,1988,0.0
China,1988,137000000.0
Colombia,1988,20000000.0
"Congo, Rep.",1988,7040000.0
Denmark,1988,4690000.0
Ecuador,1988,16500000.0
Egypt,1988,44200000.0
Equatorial Guinea,1988,0.0
Gabon,1988,8890000.0
India,1988,32300000.0
Indonesia,1988,67300000.0
Iran,1988,117000000.0
Iraq,1988,137000000.0
Italy,1988,4840000.0
Kazakhstan,1988,25000000.0
Kuwait,1988,63000000.0
Libya,1988,49700000.0
Malaysia,1988,25700000.0
Mexico,1988,143000000.0
Nigeria,1988,73500000.0
Norway,1988,57000000.0
Oman,1988,30900000.0
Peru,1988,7420000.0
Qatar,1988,17600000.0
Romania,1988,9840000.0
Russia,1988,569000000.0
Saudi Arabia,1988,277000000.0
South Sudan,1988,0.0
Sudan,1988,0.0
Syria,1988,13400000.0
Thailand,1988,2080000.0
Trinidad and Tobago,1988,7440000.0
Tunisia,1988,4940000.0
Turkmenistan,1988,5720000.0
United Arab Emirates,1988,75700000.0
United Kingdom,1988,114000000.0
United States,1988,459000000.0
Uzbekistan,1988,2440000.0
Venezuela,1988,105000000.0
Vietnam,1988,690000.0
Yemen,1988,8150000.0
Algeria,1989,54700000.0
Angola,1989,22600000.0
Argentina,1989,24200000.0
Australia,1989,26100000.0
Azerbaijan,1989,13200000.0
Brazil,1989,32200000.0
Brunei,1989,7220000.0
Canada,1989,92600000.0
Chad,1989,0.0
China,1989,138000000.0
Colombia,1989,21400000.0
"Congo, Rep.",1989,7960000.0
Denmark,1989,5460000.0
Ecuador,1989,15200000.0
Egypt,1989,44500000.0
Equatorial Guinea,1989,0.0
Gabon,1989,10200000.0
India,1989,34400000.0
Indonesia,1989,71600000.0
Iran,1989,144000000.0
Iraq,1989,139000000.0
Italy,1989,4600000.0
Kazakhstan,1989,25400000.0
Kuwait,1989,68400000.0
Libya,1989,54900000.0
Malaysia,1989,28000000.0
Mexico,1989,143000000.0
Nigeria,1989,86900000.0
Norway,1989,74900000.0
Oman,1989,32100000.0
Peru,1989,6820000.0
Qatar,1989,19700000.0
Romania,1989,9620000.0
Russia,1989,552000000.0
Saudi Arabia,1989,271000000.0
South Sudan,1989,0.0
Sudan,1989,0.0
Syria,1989,16900000.0
Thailand,1989,2050000.0
Trinidad and Tobago,1989,7340000.0
Tunisia,1989,4960000.0
Turkmenistan,1989,5750000.0
United Arab Emirates,1989,95000000.0
United Kingdom,1989,91700000.0
United States,1989,429000000.0
Uzbekistan,1989,2700000.0
Venezuela,1989,106000000.0
Vietnam,1989,1490000.0
Yemen,1989,8520000.0
Algeria,1990,57500000.0
Angola,1990,23400000.0
Argentina,1990,25400000.0
Australia,1990,30300000.0
Azerbaijan,1990,12500000.0
Brazil,1990,34100000.0
Brunei,1990,7320000.0
Canada,1990,92800000.0
Chad,1990,0.0
China,1990,138000000.0
Colombia,1990,23400000.0
"Congo, Rep.",1990,8030000.0
Denmark,1990,5900000.0
Ecuador,1990,15500000.0
Egypt,1990,45500000.0
Equatorial Guinea,1990,0.0
Gabon,1990,13500000.0
India,1990,34200000.0
Indonesia,1990,74400000.0
Iran,1990,163000000.0
Iraq,1990,105000000.0
Italy,1990,4670000.0
Kazakhstan,1990,25800000.0
Kuwait,1990,46800000.0
Libya,1990,67200000.0
Malaysia,1990,29600000.0
Mexico,1990,145000000.0
Nigeria,1990,91600000.0
Norway,1990,82100000.0
Oman,1990,34200000.0
Peru,1990,6770000.0
Qatar,1990,21100000.0
Romania,1990,8140000.0
Russia,1990,516000000.0
Saudi Arabia,1990,343000000.0
South Sudan,1990,0.0
Sudan,1990,0.0
Syria,1990,20200000.0
Thailand,1990,2440000.0
Trinidad and Tobago,1990,7370000.0
Tunisia,1990,4720000.0
Turkmenistan,1990,5700000.0
United Arab Emirates,1990,108000000.0
United Kingdom,1990,91600000.0
United States,1990,417000000.0
Uzbekistan,1990,2800000.0
Venezuela,1990,118000000.0
Vietnam,1990,2700000.0
Yemen,1990,8710000.0
Algeria,1991,57700000.0
Angola,1991,24500000.0
Argentina,1991,25900000.0
Australia,1991,28600000.0
Azerbaijan,1991,11800000.0
Brazil,1991,33700000.0
Brunei,1991,7930000.0
Canada,1991,93200000.0
Chad,1991,0.0
China,1991,141000000.0
Colombia,1991,22600000.0
"Congo, Rep.",1991,8050000.0
Denmark,1991,6920000.0
Ecuador,1991,16300000.0
Egypt,1991,45400000.0
Equatorial Guinea,1991,0.0
Gabon,1991,14700000.0
India,1991,32200000.0
Indonesia,1991,81000000.0
Iran,1991,174000000.0
Iraq,1991,13900000.0
Italy,1991,4330000.0
Kazakhstan,1991,26600000.0
Kuwait,1991,9220000.0
Libya,1991,67900000.0
Malaysia,1991,30800000.0
Mexico,1991,153000000.0
Nigeria,1991,95900000.0
Norway,1991,93800000.0
Oman,1991,35300000.0
Peru,1991,6040000.0
Qatar,1991,20400000.0
Romania,1991,7010000.0
Russia,1991,462000000.0
Saudi Arabia,1991,428000000.0
South Sudan,1991,0.0
Sudan,1991,0.0
Syria,1991,23500000.0
Thailand,1991,2820000.0
Trinidad and Tobago,1991,7240000.0
Tunisia,1991,5440000.0
Turkmenistan,1991,5400000.0
United Arab Emirates,1991,125000000.0
United Kingdom,1991,91300000.0
United States,1991,423000000.0
Uzbekistan,1991,2800000.0
Venezuela,1991,131000000.0
Vietnam,1991,3960000.0
Yemen,1991,9420000.0
Algeria,1992,56600000.0
Angola,1992,27200000.0
Argentina,1992,29000000.0
Australia,1992,28200000.0
Azerbaijan,1992,11200000.0
Brazil,1992,34200000.0
Brunei,1992,8850000.0
Canada,1992,97200000.0
Chad,1992,0.0
China,1992,142000000.0
Colombia,1992,23300000.0
"Congo, Rep.",1992,8640000.0
Denmark,1992,7670000.0
Ecuador,1992,17500000.0
Egypt,1992,46000000.0
Equatorial Guinea,1992,99300.0
Gabon,1992,14500000.0
India,1992,29200000.0
Indonesia,1992,76700000.0
Iran,1992,176000000.0
Iraq,1992,26100000.0
Italy,1992,4500000.0
Kazakhstan,1992,25800000.0
Kuwait,1992,54000000.0
Libya,1992,69700000.0
Malaysia,1992,31300000.0
Mexico,1992,153000000.0
Nigeria,1992,99100000.0
Norway,1992,107000000.0
Oman,1992,37000000.0
Peru,1992,6110000.0
Qatar,1992,23600000.0
Romania,1992,6830000.0
Russia,1992,399000000.0
Saudi Arabia,1992,442000000.0
South Sudan,1992,0.0
Sudan,1992,0.0
Syria,1992,25600000.0
Thailand,1992,3300000.0
Trinidad and Tobago,1992,6950000.0
Tunisia,1992,5450000.0
Turkmenistan,1992,5200000.0
United Arab Emirates,1992,118000000.0
United Kingdom,1992,94300000.0
United States,1992,413000000.0
Uzbekistan,1992,3300000.0
Venezuela,1992,132000000.0
Vietnam,1992,5490000.0
Yemen,1992,8730000.0
Algeria,1993,56700000.0
Angola,1993,24800000.0
Argentina,1993,31100000.0
Australia,1993,26300000.0
Azerbaijan,1993,10300000.0
Brazil,1993,34900000.0
Brunei,1993,8460000.0
Canada,1993,102000000.0
Chad,1993,0.0
China,1993,144000000.0
Colombia,1993,24000000.0
"Congo, Rep.",1993,9540000.0
Denmark,1993,8190000.0
Ecuador,1993,18700000.0
Egypt,1993,47500000.0
Equatorial Guinea,1993,248000.0
Gabon,1993,15200000.0
India,1993,27900000.0
Indonesia,1993,76900000.0
Iran,1993,184000000.0
Iraq,1993,22300000.0
Italy,1993,4640000.0
Kazakhstan,1993,23000000.0
Kuwait,1993,96600000.0
Libya,1993,66100000.0
Malaysia,1993,30600000.0
Mexico,1993,153000000.0
Nigeria,1993,98700000.0
Norway,1993,114000000.0
Oman,1993,38800000.0
Peru,1993,6620000.0
Qatar,1993,21800000.0
Romania,1993,6930000.0
Russia,1993,355000000.0
Saudi Arabia,1993,433000000.0
South Sudan,1993,0.0
Sudan,1993,98500.0
Syria,1993,28100000.0
Thailand,1993,3390000.0
Trinidad and Tobago,1993,6450000.0
Tunisia,1993,5020000.0
Turkmenistan,1993,4380000.0
United Arab Emirates,1993,115000000.0
United Kingdom,1993,100000000.0
United States,1993,397000000.0
Uzbekistan,1993,4000000.0
Venezuela,1993,136000000.0
Vietnam,1993,6300000.0
Yemen,1993,9900000.0
Algeria,1994,56400000.0
Angola,1994,27400000.0
Argentina,1994,34500000.0
Australia,1994,28300000.0
Azerbaijan,1994,9560000.0
Brazil,1994,36200000.0
Brunei,1994,8660000.0
Canada,1994,107000000.0
Chad,1994,0.0
China,1994,146000000.0
Colombia,1994,24100000.0
"Congo, Rep.",1994,9560000.0
Denmark,1994,9020000.0
Ecuador,1994,20600000.0
Egypt,1994,46500000.0
Equatorial Guinea,1994,248000.0
Gabon,1994,16800000.0
India,1994,32400000.0
Indonesia,1994,76900000.0
Iran,1994,185000000.0
Iraq,1994,24800000.0
Italy,1994,4900000.0
Kazakhstan,1994,20300000.0
Kuwait,1994,103000000.0
Libya,1994,67500000.0
Malaysia,1994,31100000.0
Mexico,1994,154000000.0
Nigeria,1994,97100000.0
Norway,1994,129000000.0
Oman,1994,40500000.0
Peru,1994,6670000.0
Qatar,1994,21300000.0
Romania,1994,6970000.0
Russia,1994,318000000.0
Saudi Arabia,1994,437000000.0
South Sudan,1994,0.0
Sudan,1994,98500.0
Syria,1994,28000000.0
Thailand,1994,3420000.0
Trinidad and Tobago,1994,6760000.0
Tunisia,1994,4630000.0
Turkmenistan,1994,4190000.0
United Arab Emirates,1994,116000000.0
United Kingdom,1994,127000000.0
United States,1994,388000000.0
Uzbekistan,1994,5520000.0
Venezuela,1994,144000000.0
Vietnam,1994,7100000.0
Yemen,1994,16400000.0
Algeria,1995,56600000.0
Angola,1995,31200000.0
Argentina,1995,37500000.0
Australia,1995,26700000.0
Azerbaijan,1995,9160000.0
Brazil,1995,37500000.0
Brunei,1995,8460000.0
Canada,1995,112000000.0
Chad,1995,0.0
China,1995,149000000.0
Colombia,1995,31000000.0
"Congo, Rep.",1995,9270000.0
Denmark,1995,9060000.0
Ecuador,1995,21000000.0
Egypt,1995,46600000.0
Equatorial Guinea,1995,347000.0
Gabon,1995,17800000.0
India,1995,36600000.0
Indonesia,1995,76500000.0
Iran,1995,185000000.0
Iraq,1995,26000000.0
Italy,1995,5240000.0
Kazakhstan,1995,20600000.0
Kuwait,1995,105000000.0
Libya,1995,67900000.0
Malaysia,1995,33300000.0
Mexico,1995,150000000.0
Nigeria,1995,97500000.0
Norway,1995,138000000.0
Oman,1995,42800000.0
Peru,1995,6410000.0
Qatar,1995,21800000.0
Romania,1995,6950000.0
Russia,1995,311000000.0
Saudi Arabia,1995,437000000.0
South Sudan,1995,0.0
Sudan,1995,98500.0
Syria,1995,29600000.0
Thailand,1995,3320000.0
Trinidad and Tobago,1995,6740000.0
Tunisia,1995,4520000.0
Turkmenistan,1995,4070000.0
United Arab Emirates,1995,112000000.0
United Kingdom,1995,130000000.0
United States,1995,384000000.0
Uzbekistan,1995,7590000.0
Venezuela,1995,155000000.0
Vietnam,1995,7650000.0
Yemen,1995,16700000.0
Algeria,1996,59300000.0
Angola,1996,35400000.0
Argentina,1996,40800000.0
Australia,1996,28100000.0
Azerbaijan,1996,9100000.0
Brazil,1996,42500000.0
Brunei,1996,8020000.0
Canada,1996,115000000.0
Chad,1996,0.0
China,1996,159000000.0
Colombia,1996,33400000.0
"Congo, Rep.",1996,10400000.0
Denmark,1996,10200000.0
Ecuador,1996,20900000.0
Egypt,1996,45100000.0
Equatorial Guinea,1996,844000.0
Gabon,1996,18300000.0
India,1996,34800000.0
Indonesia,1996,76700000.0
Iran,1996,187000000.0
Iraq,1996,28600000.0
Italy,1996,5450000.0
Kazakhstan,1996,23000000.0
Kuwait,1996,105000000.0
Libya,1996,68600000.0
Malaysia,1996,33800000.0
Mexico,1996,162000000.0
Nigeria,1996,105000000.0
Norway,1996,155000000.0
Oman,1996,44400000.0
Peru,1996,6320000.0
Qatar,1996,27100000.0
Romania,1996,6850000.0
Russia,1996,303000000.0
Saudi Arabia,1996,445000000.0
South Sudan,1996,0.0
Sudan,1996,247000.0
Syria,1996,29200000.0
Thailand,1996,3780000.0
Trinidad and Tobago,1996,6680000.0
Tunisia,1996,4480000.0
Turkmenistan,1996,4360000.0
United Arab Emirates,1996,118000000.0
United Kingdom,1996,130000000.0
United States,1996,382000000.0
Uzbekistan,1996,7620000.0
Venezuela,1996,165000000.0
Vietnam,1996,8850000.0
Yemen,1996,16900000.0
Algeria,1997,60300000.0
Angola,1997,36500000.0
Argentina,1997,43400000.0
Australia,1997,29800000.0
Azerbaijan,1997,9030000.0
Brazil,1997,45600000.0
Brunei,1997,7890000.0
Canada,1997,121000000.0
Chad,1997,0.0
China,1997,160000000.0
Colombia,1997,34800000.0
"Congo, Rep.",1997,11600000.0
Denmark,1997,11200000.0
Ecuador,1997,21100000.0
Egypt,1997,43800000.0
Equatorial Guinea,1997,2970000.0
Gabon,1997,18200000.0
India,1997,35600000.0
Indonesia,1997,75700000.0
Iran,1997,187000000.0
Iraq,1997,57100000.0
Italy,1997,5950000.0
Kazakhstan,1997,25800000.0
Kuwait,1997,105000000.0
Libya,1997,70100000.0
Malaysia,1997,33500000.0
Mexico,1997,170000000.0
Nigeria,1997,113000000.0
Norway,1997,156000000.0
Oman,1997,44900000.0
Peru,1997,6230000.0
Qatar,1997,33300000.0
Romania,1997,6750000.0
Russia,1997,307000000.0
Saudi Arabia,1997,453000000.0
South Sudan,1997,0.0
Sudan,1997,443000.0
Syria,1997,28700000.0
Thailand,1997,4290000.0
Trinidad and Tobago,1997,6440000.0
Tunisia,1997,4220000.0
Turkmenistan,1997,5370000.0
United Arab Emirates,1997,122000000.0
United Kingdom,1997,128000000.0
United States,1997,380000000.0
Uzbekistan,1997,7890000.0
Venezuela,1997,172000000.0
Vietnam,1997,10100000.0
Yemen,1997,17700000.0
Algeria,1998,61800000.0
Angola,1998,36000000.0
Argentina,1998,44000000.0
Australia,1998,28200000.0
Azerbaijan,1998,11400000.0
Brazil,1998,52700000.0
Brunei,1998,7600000.0
Canada,1998,125000000.0
Chad,1998,0.0
China,1998,160000000.0
Colombia,1998,40400000.0
"Congo, Rep.",1998,13600000.0
Denmark,1998,11600000.0
Ecuador,1998,20400000.0
Egypt,1998,43000000.0
Equatorial Guinea,1998,4110000.0
Gabon,1998,16800000.0
India,1998,34700000.0
Indonesia,1998,74200000.0
Iran,1998,191000000.0
Iraq,1998,104000000.0
Italy,1998,5620000.0
Kazakhstan,1998,25900000.0
Kuwait,1998,110000000.0
Libya,1998,69600000.0
Malaysia,1998,34000000.0
Mexico,1998,173000000.0
Nigeria,1998,106000000.0
Norway,1998,150000000.0
Oman,1998,44700000.0
Peru,1998,6010000.0
Qatar,1998,33600000.0
Romania,1998,6550000.0
Russia,1998,304000000.0
Saudi Arabia,1998,454000000.0
South Sudan,1998,0.0
Sudan,1998,591000.0
Syria,1998,28600000.0
Thailand,1998,4460000.0
Trinidad and Tobago,1998,6400000.0
Tunisia,1998,4150000.0
Turkmenistan,1998,6370000.0
United Arab Emirates,1998,125000000.0
United Kingdom,1998,133000000.0
United States,1998,368000000.0
Uzbekistan,1998,8180000.0
Venezuela,1998,178000000.0
Vietnam,1998,12100000.0
Yemen,1998,18000000.0
Algeria,1999,63900000.0
Angola,1999,36700000.0
Argentina,1999,41700000.0
Australia,1999,27500000.0
Azerbaijan,1999,13900000.0
Brazil,1999,59500000.0
Brunei,1999,8850000.0
Canada,1999,121000000.0
Chad,1999,0.0
China,1999,160000000.0
Colombia,1999,43700000.0
"Congo, Rep.",1999,13700000.0
Denmark,1999,14600000.0
Ecuador,1999,20300000.0
Egypt,1999,41400000.0
Equatorial Guinea,1999,4950000.0
Gabon,1999,17000000.0
India,1999,34600000.0
Indonesia,1999,68600000.0
Iran,1999,178000000.0
Iraq,1999,128000000.0
Italy,1999,5020000.0
Kazakhstan,1999,30100000.0
Kuwait,1999,103000000.0
Libya,1999,67000000.0
Malaysia,1999,32400000.0
Mexico,1999,165000000.0
Nigeria,1999,101000000.0
Norway,1999,150000000.0
Oman,1999,44700000.0
Peru,1999,5540000.0
Qatar,1999,34300000.0
Romania,1999,6380000.0
Russia,1999,305000000.0
Saudi Arabia,1999,422000000.0
South Sudan,1999,0.0
Sudan,1999,3100000.0
Syria,1999,28800000.0
Thailand,1999,4860000.0
Trinidad and Tobago,1999,6640000.0
Tunisia,1999,4260000.0
Turkmenistan,1999,7060000.0
United Arab Emirates,1999,120000000.0
United Kingdom,1999,137000000.0
United States,1999,353000000.0
Uzbekistan,1999,8100000.0
Venezuela,1999,159000000.0
Vietnam,1999,14600000.0
Yemen,1999,19200000.0
Algeria,2000,66800000.0
Angola,2000,36900000.0
Argentina,2000,41400000.0
Australia,2000,37100000.0
Azerbaijan,2000,14100000.0
Brazil,2000,67100000.0
Brunei,2000,9490000.0
Canada,2000,125000000.0
Chad,2000,0.0
China,2000,163000000.0
Colombia,2000,36300000.0
"Congo, Rep.",2000,13500000.0
Denmark,2000,17700000.0
Ecuador,2000,21600000.0
Egypt,2000,38900000.0
Equatorial Guinea,2000,5700000.0
Gabon,2000,13800000.0
India,2000,34200000.0
Indonesia,2000,71800000.0
Iran,2000,192000000.0
Iraq,2000,129000000.0
Italy,2000,4590000.0
Kazakhstan,2000,35300000.0
Kuwait,2000,110000000.0
Libya,2000,69500000.0
Malaysia,2000,33500000.0
Mexico,2000,170000000.0
Nigeria,2000,106000000.0
Norway,2000,161000000.0
Oman,2000,47000000.0
Peru,2000,5140000.0
Qatar,2000,40200000.0
Romania,2000,6290000.0
Russia,2000,327000000.0
Saudi Arabia,2000,456000000.0
South Sudan,2000,0.0
Sudan,2000,8850000.0
Syria,2000,28100000.0
Thailand,2000,6790000.0
Trinidad and Tobago,2000,6740000.0
Tunisia,2000,3930000.0
Turkmenistan,2000,7060000.0
United Arab Emirates,2000,124000000.0
United Kingdom,2000,126000000.0
United States,2000,348000000.0
Uzbekistan,2000,7500000.0
Venezuela,2000,160000000.0
Vietnam,2000,16500000.0
Yemen,2000,21300000.0
Algeria,2001,65800000.0
Angola,2001,36600000.0
Argentina,2001,44000000.0
Australia,2001,34300000.0
Azerbaijan,2001,15000000.0
Brazil,2001,70200000.0
Brunei,2001,9960000.0
Canada,2001,126000000.0
Chad,2001,0.0
China,2001,165000000.0
Colombia,2001,31800000.0
"Congo, Rep.",2001,12500000.0
Denmark,2001,17000000.0
Ecuador,2001,21900000.0
Egypt,2001,37600000.0
Equatorial Guinea,2001,9360000.0
Gabon,2001,13100000.0
India,2001,34100000.0
Indonesia,2001,68200000.0
Iran,2001,190000000.0
Iraq,2001,124000000.0
Italy,2001,4130000.0
Kazakhstan,2001,40100000.0
Kuwait,2001,107000000.0
Libya,2001,67100000.0
Malaysia,2001,32500000.0
Mexico,2001,176000000.0
Nigeria,2001,111000000.0
Norway,2001,162000000.0
Oman,2001,46900000.0
Peru,2001,5030000.0
Qatar,2001,40100000.0
Romania,2001,6240000.0
Russia,2001,352000000.0
Saudi Arabia,2001,440000000.0
South Sudan,2001,0.0
Sudan,2001,10300000.0
Syria,2001,29900000.0
Thailand,2001,7390000.0
Trinidad and Tobago,2001,6510000.0
Tunisia,2001,3610000.0
Turkmenistan,2001,7910000.0
United Arab Emirates,2001,119000000.0
United Kingdom,2001,117000000.0
United States,2001,345000000.0
Uzbekistan,2001,7180000.0
Venezuela,2001,163000000.0
Vietnam,2001,17100000.0
Yemen,2001,21400000.0
Algeria,2002,70900000.0
Angola,2002,44600000.0
Argentina,2002,43300000.0
Australia,2002,34100000.0
Azerbaijan,2002,15300000.0
Brazil,2002,78600000.0
Brunei,2002,10300000.0
Canada,2002,133000000.0
Chad,2002,0.0
China,2002,167000000.0
Colombia,2002,30400000.0
"Congo, Rep.",2002,12000000.0
Denmark,2002,18100000.0
Ecuador,2002,21100000.0
Egypt,2002,37200000.0
Equatorial Guinea,2002,11100000.0
Gabon,2002,12800000.0
India,2002,35200000.0
Indonesia,2002,63300000.0
Iran,2002,179000000.0
Iraq,2002,104000000.0
Italy,2002,5530000.0
Kazakhstan,2002,47300000.0
Kuwait,2002,98800000.0
Libya,2002,64600000.0
Malaysia,2002,34200000.0
Mexico,2002,178000000.0
Nigeria,2002,102000000.0
Norway,2002,158000000.0
Oman,2002,44000000.0
Peru,2002,5030000.0
Qatar,2002,37400000.0
Romania,2002,6070000.0
Russia,2002,384000000.0
Saudi Arabia,2002,425000000.0
South Sudan,2002,0.0
Sudan,2002,11600000.0
Syria,2002,32700000.0
Thailand,2002,8130000.0
Trinidad and Tobago,2002,7490000.0
Tunisia,2002,3770000.0
Turkmenistan,2002,8890000.0
United Arab Emirates,2002,113000000.0
United Kingdom,2002,116000000.0
United States,2002,342000000.0
Uzbekistan,2002,7200000.0
Venezuela,2002,153000000.0
Vietnam,2002,17300000.0
Yemen,2002,21600000.0
Algeria,2003,79000000.0
Angola,2003,42800000.0
Argentina,2003,43200000.0
Australia,2003,29500000.0
Azerbaijan,2003,15400000.0
Brazil,2003,81500000.0
Brunei,2003,10500000.0
Canada,2003,140000000.0
Chad,2003,1240000.0
China,2003,170000000.0
Colombia,2003,28500000.0
"Congo, Rep.",2003,11000000.0
Denmark,2003,17900000.0
Ecuador,2003,22500000.0
Egypt,2003,37100000.0
Equatorial Guinea,2003,12700000.0
Gabon,2003,13700000.0
India,2003,35400000.0
Indonesia,2003,57600000.0
Iran,2003,202000000.0
Iraq,2003,66000000.0
Italy,2003,5570000.0
Kazakhstan,2003,51400000.0
Kuwait,2003,116000000.0
Libya,2003,69800000.0
Malaysia,2003,35400000.0
Mexico,2003,188000000.0
Nigeria,2003,110000000.0
Norway,2003,154000000.0
Oman,2003,40200000.0
Peru,2003,4710000.0
Qatar,2003,43800000.0
Romania,2003,5890000.0
Russia,2003,426000000.0
Saudi Arabia,2003,486000000.0
South Sudan,2003,0.0
Sudan,2003,12900000.0
Syria,2003,31600000.0
Thailand,2003,9590000.0
Trinidad and Tobago,2003,8050000.0
Tunisia,2003,3450000.0
Turkmenistan,2003,9910000.0
United Arab Emirates,2003,126000000.0
United Kingdom,2003,106000000.0
United States,2003,333000000.0
Uzbekistan,2003,7130000.0
Venezuela,2003,147000000.0
Vietnam,2003,17600000.0
Yemen,2003,21200000.0
Algeria,2004,83600000.0
Angola,2004,54500000.0
Argentina,2004,41100000.0
Australia,2004,25800000.0
Azerbaijan,2004,15500000.0
Brazil,2004,80900000.0
Brunei,2004,10300000.0
Canada,2004,145000000.0
Chad,2004,8830000.0
China,2004,174000000.0
Colombia,2004,27900000.0
"Congo, Rep.",2004,11500000.0
Denmark,2004,19100000.0
Ecuador,2004,28300000.0
Egypt,2004,34800000.0
Equatorial Guinea,2004,16600000.0
Gabon,2004,13700000.0
India,2004,36300000.0
Indonesia,2004,55600000.0
Iran,2004,209000000.0
Iraq,2004,99900000.0
Italy,2004,5470000.0
Kazakhstan,2004,59500000.0
Kuwait,2004,123000000.0
Libya,2004,76500000.0
Malaysia,2004,36300000.0
Mexico,2004,190000000.0
Nigeria,2004,121000000.0
Norway,2004,150000000.0
Oman,2004,38400000.0
Peru,2004,4690000.0
Qatar,2004,50000000.0
Romania,2004,5710000.0
Russia,2004,463000000.0
Saudi Arabia,2004,500000000.0
South Sudan,2004,0.0
Sudan,2004,14400000.0
Syria,2004,23500000.0
Thailand,2004,9380000.0
Trinidad and Tobago,2004,7560000.0
Tunisia,2004,3570000.0
Turkmenistan,2004,9570000.0
United Arab Emirates,2004,132000000.0
United Kingdom,2004,95600000.0
United States,2004,325000000.0
Uzbekistan,2004,6580000.0
Venezuela,2004,170000000.0
Vietnam,2004,20700000.0
Yemen,2004,20000000.0
Algeria,2005,86400000.0
Angola,2005,62900000.0
Argentina,2005,39400000.0
Australia,2005,25300000.0
Azerbaijan,2005,22200000.0
Brazil,2005,89000000.0
Brunei,2005,10100000.0
Canada,2005,142000000.0
Chad,2005,9110000.0
China,2005,181000000.0
Colombia,2005,27700000.0
"Congo, Rep.",2005,12600000.0
Denmark,2005,18500000.0
Ecuador,2005,28600000.0
Egypt,2005,33200000.0
Equatorial Guinea,2005,16400000.0
Gabon,2005,13500000.0
India,2005,34900000.0
Indonesia,2005,53700000.0
Iran,2005,208000000.0
Iraq,2005,89900000.0
Italy,2005,6110000.0
Kazakhstan,2005,61500000.0
Kuwait,2005,130000000.0
Libya,2005,82000000.0
Malaysia,2005,34600000.0
Mexico,2005,186000000.0
Nigeria,2005,123000000.0
Norway,2005,139000000.0
Oman,2005,38000000.0
Peru,2005,5320000.0
Qatar,2005,52600000.0
Romania,2005,5440000.0
Russia,2005,475000000.0
Saudi Arabia,2005,521000000.0
South Sudan,2005,0.0
Sudan,2005,14500000.0
Syria,2005,21700000.0
Thailand,2005,11500000.0
Trinidad and Tobago,2005,8060000.0
Tunisia,2005,3720000.0
Turkmenistan,2005,9490000.0
United Arab Emirates,2005,136000000.0
United Kingdom,2005,85100000.0
United States,2005,309000000.0
Uzbekistan,2005,5450000.0
Venezuela,2005,169000000.0
Vietnam,2005,19000000.0
Yemen,2005,19800000.0
Algeria,2006,86200000.0
Angola,2006,69600000.0
Argentina,2006,39500000.0
Australia,2006,23500000.0
Azerbaijan,2006,32300000.0
Brazil,2006,94000000.0
Brunei,2006,10800000.0
Canada,2006,151000000.0
Chad,2006,8040000.0
China,2006,185000000.0
Colombia,2006,27900000.0
"Congo, Rep.",2006,14200000.0
Denmark,2006,16800000.0
Ecuador,2006,28800000.0
Egypt,2006,33200000.0
Equatorial Guinea,2006,15600000.0
Gabon,2006,12100000.0
India,2006,36000000.0
Indonesia,2006,50200000.0
Iran,2006,211000000.0
Iraq,2006,98000000.0
Italy,2006,5770000.0
Kazakhstan,2006,65100000.0
Kuwait,2006,134000000.0
Libya,2006,85300000.0
Malaysia,2006,32700000.0
Mexico,2006,183000000.0
Nigeria,2006,118000000.0
Norway,2006,129000000.0
Oman,2006,36200000.0
Peru,2006,5540000.0
Qatar,2006,56800000.0
Romania,2006,5000000.0
Russia,2006,486000000.0
Saudi Arabia,2006,509000000.0
South Sudan,2006,0.0
Sudan,2006,17500000.0
Syria,2006,20300000.0
Thailand,2006,12600000.0
Trinidad and Tobago,2006,8290000.0
Tunisia,2006,3580000.0
Turkmenistan,2006,9190000.0
United Arab Emirates,2006,144000000.0
United Kingdom,2006,76900000.0
United States,2006,305000000.0
Uzbekistan,2006,5410000.0
Venezuela,2006,171000000.0
Vietnam,2006,17200000.0
Yemen,2006,18100000.0
Algeria,2007,86500000.0
Angola,2007,82500000.0
Argentina,2007,38300000.0
Australia,2007,24500000.0
Azerbaijan,2007,42600000.0
Brazil,2007,95400000.0
Brunei,2007,9530000.0
Canada,2007,155000000.0
Chad,2007,7540000.0
China,2007,186000000.0
Colombia,2007,28000000.0
"Congo, Rep.",2007,11500000.0
Denmark,2007,15200000.0
Ecuador,2007,27500000.0
Egypt,2007,33800000.0
Equatorial Guinea,2007,15900000.0
Gabon,2007,12300000.0
India,2007,36400000.0
Indonesia,2007,47800000.0
Iran,2007,213000000.0
Iraq,2007,105000000.0
Italy,2007,5860000.0
Kazakhstan,2007,67200000.0
Kuwait,2007,130000000.0
Libya,2007,85400000.0
Malaysia,2007,33800000.0
Mexico,2007,172000000.0
Nigeria,2007,112000000.0
Norway,2007,119000000.0
Oman,2007,34800000.0
Peru,2007,5490000.0
Qatar,2007,57600000.0
Romania,2007,4750000.0
Russia,2007,497000000.0
Saudi Arabia,2007,489000000.0
South Sudan,2007,0.0
Sudan,2007,23800000.0
Syria,2007,19500000.0
Thailand,2007,13200000.0
Trinidad and Tobago,2007,7150000.0
Tunisia,2007,4960000.0
Turkmenistan,2007,9810000.0
United Arab Emirates,2007,140000000.0
United Kingdom,2007,76900000.0
United States,2007,305000000.0
Uzbekistan,2007,4930000.0
Venezuela,2007,166000000.0
Vietnam,2007,16300000.0
Yemen,2007,15900000.0
Algeria,2008,85600000.0
Angola,2008,93500000.0
Argentina,2008,37800000.0
Australia,2008,24100000.0
Azerbaijan,2008,44500000.0
Brazil,2008,99100000.0
Brunei,2008,8590000.0
Canada,2008,153000000.0
Chad,2008,6690000.0
China,2008,190000000.0
Colombia,2008,31100000.0
"Congo, Rep.",2008,12200000.0
Denmark,2008,14000000.0
Ecuador,2008,27200000.0
Egypt,2008,34700000.0
Equatorial Guinea,2008,16100000.0
Gabon,2008,12000000.0
India,2008,37800000.0
Indonesia,2008,49400000.0
Iran,2008,216000000.0
Iraq,2008,119000000.0
Italy,2008,5240000.0
Kazakhstan,2008,70700000.0
Kuwait,2008,136000000.0
Libya,2008,85600000.0
Malaysia,2008,34000000.0
Mexico,2008,157000000.0
Nigeria,2008,103000000.0
Norway,2008,115000000.0
Oman,2008,37100000.0
Peru,2008,5700000.0
Qatar,2008,64700000.0
Romania,2008,4720000.0
Russia,2008,494000000.0
Saudi Arabia,2008,510000000.0
South Sudan,2008,0.0
Sudan,2008,22600000.0
Syria,2008,19600000.0
Thailand,2008,14000000.0
Trinidad and Tobago,2008,7000000.0
Tunisia,2008,4560000.0
Turkmenistan,2008,10400000.0
United Arab Emirates,2008,141000000.0
United Kingdom,2008,72000000.0
United States,2008,302000000.0
Uzbekistan,2008,4780000.0
Venezuela,2008,166000000.0
Vietnam,2008,15200000.0
Yemen,2008,14800000.0
Algeria,2009,77200000.0
Angola,2009,87600000.0
Argentina,2009,34000000.0
Australia,2009,22400000.0
Azerbaijan,2009,50400000.0
Brazil,2009,106000000.0
Brunei,2009,8250000.0
Canada,2009,153000000.0
Chad,2009,6190000.0
China,2009,189000000.0
Colombia,2009,35300000.0
"Congo, Rep.",2009,14100000.0
Denmark,2009,12900000.0
Ecuador,2009,26100000.0
Egypt,2009,35300000.0
Equatorial Guinea,2009,14200000.0
Gabon,2009,12000000.0
India,2009,38000000.0
Indonesia,2009,48400000.0
Iran,2009,207000000.0
Iraq,2009,120000000.0
Italy,2009,4570000.0
Kazakhstan,2009,76500000.0
Kuwait,2009,121000000.0
Libya,2009,77400000.0
Malaysia,2009,32200000.0
Mexico,2009,147000000.0
Nigeria,2009,105000000.0
Norway,2009,109000000.0
Oman,2009,39700000.0
Peru,2009,6510000.0
Qatar,2009,62600000.0
Romania,2009,4500000.0
Russia,2009,501000000.0
Saudi Arabia,2009,457000000.0
South Sudan,2009,0.0
Sudan,2009,23400000.0
Syria,2009,19300000.0
Thailand,2009,14500000.0
Trinidad and Tobago,2009,6810000.0
Tunisia,2009,4330000.0
Turkmenistan,2009,10500000.0
United Arab Emirates,2009,126000000.0
United Kingdom,2009,68300000.0
United States,2009,322000000.0
Uzbekistan,2009,4460000.0
Venezuela,2009,156000000.0
Vietnam,2009,16700000.0
Yemen,2009,14300000.0
Algeria,2010,73800000.0
Angola,2010,90500000.0
Argentina,2010,33300000.0
Australia,2010,24500000.0
Azerbaijan,2010,50800000.0
Brazil,2010,112000000.0
Brunei,2010,8450000.0
Canada,2010,160000000.0
Chad,2010,6400000.0
China,2010,203000000.0
Colombia,2010,41400000.0
"Congo, Rep.",2010,16000000.0
Denmark,2010,12200000.0
Ecuador,2010,26100000.0
Egypt,2010,35000000.0
Equatorial Guinea,2010,12600000.0
Gabon,2010,12400000.0
India,2010,41300000.0
Indonesia,2010,48600000.0
Iran,2010,212000000.0
Iraq,2010,121000000.0
Italy,2010,5110000.0
Kazakhstan,2010,79700000.0
Kuwait,2010,123000000.0
Libya,2010,77800000.0
Malaysia,2010,32600000.0
Mexico,2010,146000000.0
Nigeria,2010,119000000.0
Norway,2010,98800000.0
Oman,2010,42200000.0
Peru,2010,6950000.0
Qatar,2010,71100000.0
Romania,2010,4290000.0
Russia,2010,512000000.0
Saudi Arabia,2010,474000000.0
South Sudan,2010,0.0
Sudan,2010,22800000.0
Syria,2010,18500000.0
Thailand,2010,14900000.0
Trinidad and Tobago,2010,6220000.0
Tunisia,2010,3970000.0
Turkmenistan,2010,10800000.0
United Arab Emirates,2010,133000000.0
United Kingdom,2010,63200000.0
United States,2010,333000000.0
Uzbekistan,2010,3650000.0
Venezuela,2010,146000000.0
Vietnam,2010,15600000.0
Yemen,2010,14300000.0
Algeria,2011,71700000.0
Angola,2011,83800000.0
Argentina,2011,30900000.0
Australia,2011,21500000.0
Azerbaijan,2011,45600000.0
Brazil,2011,114000000.0
Brunei,2011,8110000.0
Canada,2011,170000000.0
Chad,2011,5970000.0
China,2011,203000000.0
Colombia,2011,48200000.0
"Congo, Rep.",2011,15300000.0
Denmark,2011,10900000.0
Ecuador,2011,26800000.0
Egypt,2011,34600000.0
Equatorial Guinea,2011,11600000.0
Gabon,2011,12500000.0
India,2011,42900000.0
Indonesia,2011,46300000.0
Iran,2011,213000000.0
Iraq,2011,137000000.0
Italy,2011,5310000.0
Kazakhstan,2011,80100000.0
Kuwait,2011,141000000.0
Libya,2011,22500000.0
Malaysia,2011,29400000.0
Mexico,2011,145000000.0
Nigeria,2011,116000000.0
Norway,2011,93800000.0
Oman,2011,43200000.0
Peru,2011,6740000.0
Qatar,2011,78000000.0
Romania,2011,4220000.0
Russia,2011,519000000.0
Saudi Arabia,2011,526000000.0
South Sudan,2011,0.0
Sudan,2011,14300000.0
Syria,2011,16900000.0
Thailand,2011,15400000.0
Trinidad and Tobago,2011,5900000.0
Tunisia,2011,3660000.0
Turkmenistan,2011,10800000.0
United Arab Emirates,2011,151000000.0
United Kingdom,2011,52100000.0
United States,2011,345000000.0
Uzbekistan,2011,3590000.0
Venezuela,2011,142000000.0
Vietnam,2011,15800000.0
Yemen,2011,10100000.0
Algeria,2012,67200000.0
Angola,2012,86900000.0
Argentina,2012,31100000.0
Australia,2012,21400000.0
Azerbaijan,2012,43400000.0
Brazil,2012,112000000.0
Brunei,2012,7820000.0
Canada,2012,183000000.0
Chad,2012,5310000.0
China,2012,207000000.0
Colombia,2012,49900000.0
"Congo, Rep.",2012,14300000.0
Denmark,2012,9980000.0
Ecuador,2012,27100000.0
Egypt,2012,34700000.0
Equatorial Guinea,2012,12700000.0
Gabon,2012,12700000.0
India,2012,42500000.0
Indonesia,2012,44600000.0
Iran,2012,181000000.0
Iraq,2012,153000000.0
Italy,2012,5400000.0
Kazakhstan,2012,79300000.0
Kuwait,2012,154000000.0
Libya,2012,71200000.0
Malaysia,2012,29800000.0
Mexico,2012,144000000.0
Nigeria,2012,114000000.0
Norway,2012,87300000.0
Oman,2012,45000000.0
Peru,2012,6730000.0
Qatar,2012,82200000.0
Romania,2012,3980000.0
Russia,2012,526000000.0
Saudi Arabia,2012,550000000.0
South Sudan,2012,1530000.0
Sudan,2012,5090000.0
Syria,2012,8080000.0
Thailand,2012,16600000.0
Trinidad and Tobago,2012,5170000.0
Tunisia,2012,3890000.0
Turkmenistan,2012,11200000.0
United Arab Emirates,2012,155000000.0
United Kingdom,2012,44700000.0
United States,2012,393000000.0
Uzbekistan,2012,3170000.0
Venezuela,2012,139000000.0
Vietnam,2012,17300000.0
Yemen,2012,8010000.0
Algeria,2013,64800000.0
Angola,2013,87300000.0
Argentina,2013,30500000.0
Australia,2013,17800000.0
Azerbaijan,2013,43500000.0
Brazil,2013,110000000.0
Brunei,2013,6610000.0
Canada,2013,195000000.0
Chad,2013,4360000.0
China,2013,210000000.0
Colombia,2013,52900000.0
"Congo, Rep.",2013,12600000.0
Denmark,2013,8680000.0
Ecuador,2013,28200000.0
Egypt,2013,34400000.0
Equatorial Guinea,2013,12400000.0
Gabon,2013,11600000.0
India,2013,42500000.0
Indonesia,2013,42700000.0
Iran,2013,170000000.0
Iraq,2013,153000000.0
Italy,2013,5560000.0
Kazakhstan,2013,82300000.0
Kuwait,2013,151000000.0
Libya,2013,46500000.0
Malaysia,2013,28500000.0
Mexico,2013,142000000.0
Nigeria,2013,109000000.0
Norway,2013,83200000.0
Oman,2013,46100000.0
Peru,2013,7130000.0
Qatar,2013,80300000.0
Romania,2013,4130000.0
Russia,2013,531000000.0
Saudi Arabia,2013,538000000.0
South Sudan,2013,4910000.0
Sudan,2013,5810000.0
Syria,2013,2690000.0
Thailand,2013,16500000.0
Trinidad and Tobago,2013,5080000.0
Tunisia,2013,3600000.0
Turkmenistan,2013,11700000.0
United Arab Emirates,2013,165000000.0
United Kingdom,2013,40700000.0
United States,2013,447000000.0
Uzbekistan,2013,2860000.0
Venezuela,2013,138000000.0
Vietnam,2013,17400000.0
Yemen,2013,8890000.0
Algeria,2014,68800000.0
Angola,2014,83000000.0
Argentina,2014,29900000.0
Australia,2014,19100000.0
Azerbaijan,2014,42100000.0
Brazil,2014,122000000.0
Brunei,2014,6180000.0
Canada,2014,209000000.0
Chad,2014,4330000.0
China,2014,211000000.0
Colombia,2014,52200000.0
"Congo, Rep.",2014,13400000.0
Denmark,2014,8130000.0
Ecuador,2014,29800000.0
Egypt,2014,35100000.0
Equatorial Guinea,2014,13100000.0
Gabon,2014,11600000.0
India,2014,41600000.0
Indonesia,2014,41200000.0
Iran,2014,174000000.0
Iraq,2014,160000000.0
Italy,2014,5820000.0
Kazakhstan,2014,81100000.0
Kuwait,2014,150000000.0
Libya,2014,23400000.0
Malaysia,2014,29700000.0
Mexico,2014,137000000.0
Nigeria,2014,113000000.0
Norway,2014,85300000.0
Oman,2014,46200000.0
Peru,2014,7300000.0
Qatar,2014,79400000.0
Romania,2014,4050000.0
Russia,2014,534000000.0
Saudi Arabia,2014,543000000.0
South Sudan,2014,7650000.0
Sudan,2014,5890000.0
Syria,2014,1460000.0
Thailand,2014,16200000.0
Trinidad and Tobago,2014,5050000.0
Tunisia,2014,3350000.0
Turkmenistan,2014,12100000.0
United Arab Emirates,2014,166000000.0
United Kingdom,2014,40000000.0
United States,2014,523000000.0
Uzbekistan,2014,2760000.0
Venezuela,2014,139000000.0
Vietnam,2014,18100000.0
Yemen,2014,6730000.0
Algeria,2015,67200000.0
Angola,2015,88700000.0
Argentina,2015,29800000.0
Australia,2015,17400000.0
Azerbaijan,2015,41600000.0
Brazil,2015,132000000.0
Brunei,2015,6200000.0
Canada,2015,216000000.0
Chad,2015,3810000.0
China,2015,215000000.0
Colombia,2015,53000000.0
"Congo, Rep.",2015,12900000.0
Denmark,2015,7690000.0
Ecuador,2015,29100000.0
Egypt,2015,35400000.0
Equatorial Guinea,2015,13500000.0
Gabon,2015,11500000.0
India,2015,41200000.0
Indonesia,2015,40700000.0
Iran,2015,182000000.0
Iraq,2015,197000000.0
Italy,2015,5520000.0
Kazakhstan,2015,80200000.0
Kuwait,2015,148000000.0
Libya,2015,20300000.0
Malaysia,2015,32300000.0
Mexico,2015,128000000.0
Nigeria,2015,112000000.0
Norway,2015,88000000.0
Oman,2015,48000000.0
Peru,2015,6210000.0
Qatar,2015,79100000.0
Romania,2015,4000000.0
Russia,2015,541000000.0
Saudi Arabia,2015,568000000.0
South Sudan,2015,7280000.0
Sudan,2015,5370000.0
Syria,2015,1200000.0
Thailand,2015,17000000.0
Trinidad and Tobago,2015,4810000.0
Tunisia,2015,3010000.0
Turkmenistan,2015,12700000.0
United Arab Emirates,2015,176000000.0
United Kingdom,2015,45400000.0
United States,2015,565000000.0
Uzbekistan,2015,2660000.0
Venezuela,2015,136000000.0
Vietnam,2015,17400000.0
Yemen,2015,1990000.0
Algeria,2016,68500000.0
Angola,2016,87900000.0
Argentina,2016,28800000.0
Australia,2016,15500000.0
Azerbaijan,2016,41000000.0
Brazil,2016,137000000.0
Brunei,2016,5930000.0
Canada,2016,218000000.0
Chad,2016,3850000.0
China,2016,200000000.0
Colombia,2016,48800000.0
"Congo, Rep.",2016,12000000.0
Denmark,2016,6920000.0
Ecuador,2016,29300000.0
Egypt,2016,33800000.0
Equatorial Guinea,2016,13100000.0
Gabon,2016,11400000.0
India,2016,40200000.0
Indonesia,2016,43000000.0
Iran,2016,216000000.0
Iraq,2016,219000000.0
Italy,2016,3800000.0
Kazakhstan,2016,79300000.0
Kuwait,2016,153000000.0
Libya,2016,20000000.0
Malaysia,2016,32700000.0
Mexico,2016,121000000.0
Nigeria,2016,98800000.0
Norway,2016,90400000.0
Oman,2016,49300000.0
Peru,2016,5580000.0
Qatar,2016,79400000.0
Romania,2016,3800000.0
Russia,2016,554000000.0
Saudi Arabia,2016,586000000.0
South Sudan,2016,5840000.0
Sudan,2016,5120000.0
Syria,2016,1100000.0
Thailand,2016,17600000.0
Trinidad and Tobago,2016,4320000.0
Tunisia,2016,2900000.0
Turkmenistan,2016,12700000.0
United Arab Emirates,2016,182000000.0
United Kingdom,2016,47500000.0
United States,2016,543000000.0
Uzbekistan,2016,2580000.0
Venezuela,2016,124000000.0
Vietnam,2016,16000000.0
Yemen,2016,780000.0
