country,year,carbon_total,carbon_per_person,coal,sulfur,greenhouse
Algeria,1970,15100,1.04,0.0057,21.8,34600
Argentina,1970,82700,3.46,0.0409,226,222000
Australia,1970,148000,11.5,1.55,503,319000
Austria,1970,50700,6.74,0.639,208,68400
Azerbaijan,1970,33700,6.51,0,61.4,26300
Bangladesh,1970,3810,0.0593,0,85.9,113000
Belarus,1970,73900,8.29,0,309,137000
Belgium,1970,126000,13,1.69,565,160000
Brazil,1970,93600,0.984,0.0256,416,1260000
Bulgaria,1970,61200,7.2,0.943,869,88000
Canada,1970,341000,16,0.789,3270,495000
Chile,1970,24700,2.52,0.134,559,42200
China,1970,771000,0.931,0.201,3630,1870000
Colombia,1970,28400,1.32,0.102,46,128000
Czech Republic,1970,155000,15.7,3.78,943,213000
Denmark,1970,62100,12.6,0.476,287,78800
Ecuador,1970,4280,0.705,0,23.6,13700
Egypt,1970,21700,0.628,0.0125,52,56900
Finland,1970,40400,8.76,0.493,258,59000
France,1970,440000,8.67,0.682,1550,615000
Germany,1970,1030000,13.1,1.9,3950,1290000
Greece,1970,24100,2.79,0.292,96.6,38700
Hungary,1970,70000,6.75,0.891,851,87700
India,1970,195000,0.351,0.0678,847,746000
Indonesia,1970,35800,0.312,0.00076,33.9,340000
Iran,1970,91900,3.22,0.012,409,142000
Ireland,1970,19400,6.67,0.729,94,47200
Israel,1970,16600,5.89,0,123,17300
Italy,1970,297000,5.54,0.184,1420,388000
Japan,1970,769000,7.32,0.576,2490,941000
Kazakhstan,1970,152000,11.6,0,918,186000
Kuwait,1970,25000,33.6,0,233,68100
Lithuania,1970,20400,6.51,0,130,102000
Malaysia,1970,14600,1.35,0.00148,70.2,113000
Mexico,1970,114000,2.21,0.0207,395,211000
Netherlands,1970,142000,10.9,0.353,404,184000
New Zealand,1970,14200,5.04,0.501,39.2,49600
Norway,1970,28000,7.22,0.221,85.5,57100
Pakistan,1970,20500,0.353,0.0159,160,87100
Peru,1970,17800,1.32,0.00652,229,55300
Philippines,1970,24800,0.692,0.00055,160,78200
Poland,1970,304000,9.33,2.15,1360,466000
Portugal,1970,15200,1.76,0.0537,58,26900
Qatar,1970,7570,69.1,0,0.708,13100
Romania,1970,120000,5.84,0.349,299,176000
Russia,1970,1450000,11.1,0,7610,2240000
Saudi Arabia,1970,45300,7.76,0,266,78200
Singapore,1970,18200,8.79,0.00145,23.7,0
Slovak Republic,1970,49400,10.9,1.45,314,53500
South Africa,1970,150000,6.78,1.2,557,254000
South Korea,1970,53800,1.67,0.175,183,88600
Spain,1970,117000,3.45,0.289,937,173000
Sweden,1970,92400,11.5,0.236,465,113000
Switzerland,1970,40300,6.55,0.106,104,50100
Thailand,1970,15400,0.417,0.00393,52.9,110000
Trinidad and Tobago,1970,9000,9.52,0,142,0
Turkey,1970,42600,1.22,0.133,164,94400
Turkmenistan,1970,26700,12.2,0,54.1,29900
Ukraine,1970,438000,9.29,0,1610,561000
United Arab Emirates,1970,15200,65,0,0.141,33000
United Kingdom,1970,653000,11.8,1.73,3210,840000
United States,1970,4330000,20.7,1.47,14200,5400000
Uzbekistan,1970,71800,5.95,0,201,82900
Venezuela,1970,74600,6.54,0.00207,456,137000
Vietnam,1970,28200,0.65,0.0301,25,79100
Algeria,1971,18700,1.26,0.00154,25.9,38900
Argentina,1971,88900,3.67,0.0331,251,214000
Australia,1971,153000,11.7,1.53,458,314000
Austria,1971,52100,6.9,0.583,196,71100
Azerbaijan,1971,35800,6.77,0,62.7,26700
Bangladesh,1971,3610,0.0551,0,77.2,108000
Belarus,1971,78400,8.73,0,316,139000
Belgium,1971,121000,12.6,1.39,500,154000
Brazil,1971,102000,1.05,0.0251,423,969000
Bulgaria,1971,64300,7.51,0.925,885,88200
Canada,1971,353000,16.2,0.738,3130,512000
Chile,1971,27100,2.72,0.127,564,43500
China,1971,875000,1.03,0.226,4030,1910000
Colombia,1971,30300,1.38,0.0771,48.2,113000
Czech Republic,1971,162000,16.5,3.93,993,213000
Denmark,1971,57100,11.5,0.29,228,74900
Ecuador,1971,4220,0.676,0,27.3,12600
Egypt,1971,23000,0.652,0.01,70.7,56600
Finland,1971,40600,8.76,0.435,236,58500
France,1971,464000,9.06,0.62,1610,630000
Germany,1971,1040000,13.2,1.81,3920,1280000
Greece,1971,27800,3.19,0.428,121,43200
Hungary,1971,69300,6.66,0.86,845,90700
India,1971,205000,0.362,0.0673,834,754000
Indonesia,1971,39000,0.331,0.00085,54.6,294000
Iran,1971,102000,3.47,0.00825,411,151000
Ireland,1971,22500,7.64,0.687,94.5,50200
Israel,1971,16200,5.6,0,135,17400
Italy,1971,311000,5.78,0.177,1440,399000
Japan,1971,797000,7.49,0.515,2170,960000
Kazakhstan,1971,161000,12.2,0,939,183000
Kuwait,1971,27100,34,0,217,71400
Lithuania,1971,21700,6.85,0,133,103000
Malaysia,1971,16700,1.51,0.00371,50.5,85000
Mexico,1971,126000,2.38,0.0251,379,215000
Netherlands,1971,141000,10.7,0.263,335,187000
New Zealand,1971,15100,5.25,0.437,37.7,48300
Norway,1971,27200,6.96,0.206,75.3,55500
Pakistan,1971,19500,0.326,0.0123,143,88300
Peru,1971,18600,1.34,0.0089,228,49500
Philippines,1971,27600,0.748,0.00052,182,78600
Poland,1971,313000,9.52,2.18,1440,468000
Portugal,1971,16400,1.88,0.0494,53.5,28800
Qatar,1971,9150,76.6,0,0.653,15600
Romania,1971,126000,6.05,0.364,301,179000
Russia,1971,1530000,11.7,0,7780,2240000
Saudi Arabia,1971,59800,9.8,0,249,94000
Singapore,1971,16600,7.86,0.00188,31.9,0
Slovak Republic,1971,51800,11.3,1.51,331,52000
South Africa,1971,169000,7.44,1.25,583,250000
South Korea,1971,58600,1.78,0.173,197,89200
Spain,1971,129000,3.75,0.287,1030,184000
Sweden,1971,84600,10.4,0.212,423,107000
Switzerland,1971,41900,6.76,0.0708,93.5,51300
Thailand,1971,19200,0.507,0.00301,69.5,105000
Trinidad and Tobago,1971,8100,8.48,0,126,8110
Turkey,1971,47700,1.33,0.133,175,99400
Turkmenistan,1971,28400,12.6,0,55.3,30300
Ukraine,1971,464000,9.79,0,1650,565000
United Arab Emirates,1971,21200,76.3,0,3.38,41400
United Kingdom,1971,661000,11.9,1.52,3020,837000
United States,1971,4350000,20.6,1.38,13500,5440000
Uzbekistan,1971,76300,6.13,0,205,84400
Venezuela,1971,62600,5.33,0.012,409,124000
Vietnam,1971,24500,0.551,0.0322,23.7,77400
Algeria,1972,28300,1.85,0.0013,22.4,53700
Argentina,1972,90100,3.66,0.0291,200,224000
Australia,1972,157000,11.9,1.57,486,355000
Austria,1972,56100,7.4,0.527,200,73500
Azerbaijan,1972,37700,7,0,64.4,28200
Bangladesh,1972,3510,0.0527,0.00138,81.2,110000
Belarus,1972,82600,9.12,0,325,144000
Belgium,1972,131000,13.5,1.33,529,166000
Brazil,1972,114000,1.14,0.0258,466,1140000
Bulgaria,1972,66100,7.68,0.948,888,91400
Canada,1972,381000,17.3,0.685,2930,497000
Chile,1972,28200,2.79,0.103,559,45400
China,1972,930000,1.07,0.234,4230,2000000
Colombia,1972,31500,1.4,0.0783,49.5,124000
Czech Republic,1972,164000,16.5,3.85,1010,213000
Denmark,1972,59600,12,0.294,203,76800
Ecuador,1972,4590,0.714,0,28.4,13200
Egypt,1972,25500,0.706,0.00865,87.7,59100
Finland,1972,44100,9.49,0.481,228,62900
France,1972,482000,9.35,0.546,1710,650000
Germany,1972,1040000,13.2,1.77,3820,1300000
Greece,1972,31500,3.59,0.454,129,50600
Hungary,1972,69400,6.66,0.834,810,92200
India,1972,217000,0.374,0.0694,865,767000
Indonesia,1972,43300,0.358,0.00083,76.8,733000
Iran,1972,106000,3.53,0.0126,388,167000
Ireland,1972,22100,7.38,0.63,90.6,50100
Israel,1972,16900,5.64,0,130,18300
Italy,1972,329000,6.05,0.163,1480,417000
Japan,1972,853000,7.9,0.496,1920,1010000
Kazakhstan,1972,169000,12.6,0,964,219000
Kuwait,1972,27600,32.4,0,177,73500
Lithuania,1972,22900,7.15,0,136,108000
Malaysia,1972,17900,1.58,0.00918,41.7,99600
Mexico,1972,132000,2.42,0.0269,398,229000
Netherlands,1972,158000,11.9,0.223,315,205000
New Zealand,1972,16200,5.53,0.439,38.9,52600
Norway,1972,29400,7.48,0.222,76.4,59200
Pakistan,1972,18900,0.308,0.00955,141,89400
Peru,1972,18200,1.28,0.00937,242,51700
Philippines,1972,26400,0.697,0.00049,190,79500
Poland,1972,330000,9.95,2.27,1510,491000
Portugal,1972,18300,2.08,0.0432,62.9,29600
Qatar,1972,10800,82.6,0,1.85,18400
Romania,1972,132000,6.3,0.377,338,185000
Russia,1972,1610000,12.3,0,7980,2410000
Saudi Arabia,1972,70300,11,0,241,121000
Singapore,1972,22200,10.3,0.00139,39.4,0
Slovak Republic,1972,52300,11.3,1.52,338,53300
South Africa,1972,172000,7.37,1.22,590,251000
South Korea,1972,60300,1.8,0.174,199,91300
Spain,1972,145000,4.18,0.291,1130,198000
Sweden,1972,84800,10.4,0.181,364,107000
Switzerland,1972,43000,6.87,0.0595,80,52000
Thailand,1972,21800,0.559,0.0023,76.6,107000
Trinidad and Tobago,1972,8240,8.51,0,120,8300
Turkey,1972,53800,1.47,0.14,196,109000
Turkmenistan,1972,29900,12.9,0,56.7,32000
Ukraine,1972,489000,10.2,0,1690,584000
United Arab Emirates,1972,23500,70.9,0,0.533,44900
United Kingdom,1972,649000,11.6,1.33,2950,822000
United States,1972,4560000,21.4,1.43,13800,5700000
Uzbekistan,1972,80300,6.28,0,211,88600
Venezuela,1972,62600,5.17,0.0122,346,130000
Vietnam,1972,23100,0.506,0.0237,18.1,78700
Algeria,1973,38300,2.44,0.00146,22.9,67600
Argentina,1973,94000,3.75,0.0301,242,227000
Australia,1973,171000,12.7,1.61,490,333000
Austria,1973,60100,7.9,0.522,197,77400
Azerbaijan,1973,39300,7.17,0,66.1,30900
Bangladesh,1973,4550,0.0673,0.00177,80.3,111000
Belarus,1973,86100,9.43,0,333,151000
Belgium,1973,139000,14.3,1.11,522,172000
Brazil,1973,132000,1.29,0.0247,560,1020000
Bulgaria,1973,68800,7.94,0.95,896,92700
Canada,1973,382000,17,0.695,2910,520000
Chile,1973,27600,2.69,0.11,563,44900
China,1973,966000,1.09,0.232,4330,2060000
Colombia,1973,33700,1.46,0.078,53.3,118000
Czech Republic,1973,164000,16.5,3.75,990,211000
Denmark,1973,59300,11.8,0.449,212,76600
Ecuador,1973,5260,0.795,0,27.8,14200
Egypt,1973,23800,0.645,0.00737,86.9,56600
Finland,1973,49400,10.6,0.532,237,67700
France,1973,518000,9.96,0.535,2000,691000
Germany,1973,1090000,13.8,1.77,3860,1360000
Greece,1973,37200,4.2,0.53,173,54200
Hungary,1973,73000,6.99,0.836,847,98400
India,1973,224000,0.376,0.0669,896,774000
Indonesia,1973,49100,0.396,0.00054,95.6,409000
Iran,1973,130000,4.19,0.0205,427,195000
Ireland,1973,22900,7.54,0.605,92.5,50500
Israel,1973,19300,6.22,0,142,19600
Italy,1973,354000,6.47,0.165,1540,442000
Japan,1973,915000,8.35,0.517,1800,1130000
Kazakhstan,1973,177000,12.9,0,990,210000
Kuwait,1973,24200,26.8,0,187,66600
Lithuania,1973,23900,7.39,0,140,114000
Malaysia,1973,17500,1.51,0.00854,41.4,130000
Mexico,1973,144000,2.56,0.0279,426,242000
Netherlands,1973,165000,12.3,0.224,304,215000
New Zealand,1973,18200,6.09,0.487,41.6,53700
Norway,1973,30500,7.7,0.237,77.2,61100
Pakistan,1973,20000,0.317,0.00923,129,91900
Peru,1973,19700,1.35,0.0104,236,50000
Philippines,1973,31500,0.808,0.00048,193,88800
Poland,1973,336000,10.1,2.26,1570,516000
Portugal,1973,20000,2.24,0.0631,66.3,32100
Qatar,1973,12500,87.7,0,0.107,21000
Romania,1973,145000,6.82,0.42,369,200000
Russia,1973,1680000,12.7,0,8200,2450000
Saudi Arabia,1973,95100,14.2,0,242,163000
Singapore,1973,21200,9.69,0.00198,45.2,0
Slovak Republic,1973,52500,11.3,1.47,330,55000
South Africa,1973,173000,7.26,1.26,639,269000
South Korea,1973,73100,2.14,0.216,227,107000
Spain,1973,155000,4.42,0.281,1230,212000
Sweden,1973,87400,10.7,0.2,338,110000
Switzerland,1973,46200,7.35,0.0561,100,56700
Thailand,1973,24400,0.609,0.00239,88,122000
Trinidad and Tobago,1973,9400,9.57,0,116,0
Turkey,1973,59400,1.58,0.139,207,115000
Turkmenistan,1973,31200,13,0,58.3,34000
Ukraine,1973,509000,10.6,0,1730,607000
United Arab Emirates,1973,30600,77.6,0,2.06,56900
United Kingdom,1973,660000,11.8,1.44,3000,863000
United States,1973,4770000,22.2,1.52,14400,5910000
Uzbekistan,1973,83700,6.37,0,216,93600
Venezuela,1973,66500,5.34,0.0216,396,135000
Vietnam,1973,25100,0.538,0.0333,25.2,83400
Algeria,1974,31900,1.98,0.00117,21.5,59300
Argentina,1974,95500,3.75,0.038,290,229000
Australia,1974,172000,12.7,1.66,526,356000
Austria,1974,57300,7.52,0.549,196,75100
Azerbaijan,1974,40800,7.31,0,68.5,33600
Bangladesh,1974,4660,0.0677,0.00154,55,110000
Belarus,1974,89400,9.73,0,345,156000
Belgium,1974,135000,13.9,1.18,508,173000
Brazil,1974,143000,1.37,0.0256,634,1100000
Bulgaria,1974,71200,8.18,0.929,891,94000
Canada,1974,390000,17.1,0.696,2800,538000
Chile,1974,25900,2.48,0.103,673,43800
China,1974,986000,1.09,0.224,4330,2070000
Colombia,1974,36400,1.55,0.0922,59.1,123000
Czech Republic,1974,166000,16.6,3.71,1020,195000
Denmark,1974,55100,10.9,0.422,225,71600
Ecuador,1974,6090,0.895,0,38.4,15900
Egypt,1974,26100,0.692,0.0126,107,61900
Finland,1974,46600,9.93,0.539,267,64300
France,1974,500000,9.56,0.537,2000,675000
Germany,1974,1060000,13.5,1.78,3850,1340000
Greece,1974,36100,4.05,0.553,158,54300
Hungary,1974,74100,7.06,0.795,833,102000
India,1974,231000,0.38,0.0738,971,797000
Indonesia,1974,51300,0.402,0.00057,108,329000
Iran,1974,144000,4.53,0.0219,513,205000
Ireland,1974,23300,7.56,0.642,104,53300
Israel,1974,19400,6.06,0,135,20100
Italy,1974,359000,6.52,0.178,1600,445000
Japan,1974,915000,8.24,0.541,1610,1120000
Kazakhstan,1974,183000,13.2,0,1030,214000
Kuwait,1974,19300,20.1,0,182,54800
Lithuania,1974,24900,7.61,0,145,120000
Malaysia,1974,19100,1.61,0.00834,43.9,90000
Mexico,1974,155000,2.67,0.0299,517,266000
Netherlands,1974,160000,11.8,0.211,272,210000
New Zealand,1974,18800,6.17,0.493,45.4,55500
Norway,1974,27700,6.96,0.261,78.9,60200
Pakistan,1974,21400,0.33,0.00822,141,95700
Peru,1974,21400,1.42,0.0109,237,53200
Philippines,1974,30500,0.76,0.00065,194,84200
Poland,1974,347000,10.3,2.3,1610,542000
Portugal,1974,20700,2.29,0.0483,88.3,31600
Qatar,1974,10500,68.3,0,0.421,18100
Romania,1974,151000,7.03,0.437,408,204000
Russia,1974,1750000,13.1,0,8500,2530000
Saudi Arabia,1974,98800,14,0,252,171000
Singapore,1974,22000,9.87,0.00239,55.7,0
Slovak Republic,1974,53200,11.3,1.45,340,56000
South Africa,1974,177000,7.2,1.29,671,276000
South Korea,1974,75700,2.18,0.219,264,113000
Spain,1974,173000,4.87,0.269,1440,225000
Sweden,1974,79900,9.77,0.22,357,103000
Switzerland,1974,41500,6.56,0.0481,110,51900
Thailand,1974,24200,0.587,0.00349,87.1,111000
Trinidad and Tobago,1974,10100,10.1,0,116,0
Turkey,1974,61000,1.59,0.148,231,118000
Turkmenistan,1974,32400,13.2,0,60.4,36500
Ukraine,1974,528000,10.9,0,1800,622000
United Arab Emirates,1974,31300,67,0,8.89,57400
United Kingdom,1974,618000,11,1.27,2780,824000
United States,1974,4600000,21.2,1.47,13700,5760000
Uzbekistan,1974,86900,6.44,0,224,99200
Venezuela,1974,75100,5.86,0.0157,421,136000
Vietnam,1974,19100,0.4,0.0389,30.1,79900
Algeria,1975,32000,1.93,0.00144,18,56000
Argentina,1975,94900,3.67,0.0404,261,233000
Australia,1975,176000,12.8,1.69,537,378000
Austria,1975,54300,7.1,0.477,174,72700
Azerbaijan,1975,42900,7.56,0,70.6,41500
Bangladesh,1975,4860,0.0694,0.00175,93.2,115000
Belarus,1975,94000,10.2,0,356,168000
Belgium,1975,122000,12.5,0.882,430,153000
Brazil,1975,151000,1.4,0.0297,635,1210000
Bulgaria,1975,73000,8.35,0.97,955,101000
Canada,1975,397000,17.2,0.668,2730,530000
Chile,1975,23000,2.17,0.0807,604,41600
China,1975,1140000,1.23,0.248,5030,2260000
Colombia,1975,35800,1.49,0.0916,58.8,134000
Czech Republic,1975,174000,17.3,3.77,1080,203000
Denmark,1975,55800,11,0.405,209,73300
Ecuador,1975,7360,1.05,0,36.1,16900
Egypt,1975,31100,0.806,0.0147,146,64800
Finland,1975,46100,9.76,0.487,268,64000
France,1975,448000,8.5,0.468,1740,635000
Germany,1975,1000000,12.7,1.61,3740,1270000
Greece,1975,38700,4.29,0.717,180,56200
Hungary,1975,75300,7.16,0.754,822,104000
India,1975,251000,0.403,0.0775,1080,827000
Indonesia,1975,54000,0.413,0.00071,103,329000
Iran,1975,139000,4.26,0.0394,528,202000
Ireland,1975,22100,7.03,0.534,95,51800
Israel,1975,19600,5.93,0,120,21200
Italy,1975,341000,6.18,0.178,1640,426000
Japan,1975,869000,7.73,0.5,1290,1070000
Kazakhstan,1975,193000,13.7,0,1060,207000
Kuwait,1975,16800,16.5,0,152,46500
Lithuania,1975,26200,7.94,0,150,112000
Malaysia,1975,19500,1.6,0.00074,49.5,91200
Mexico,1975,164000,2.76,0.0334,545,280000
Netherlands,1975,153000,11.2,0.176,214,202000
New Zealand,1975,18300,5.93,0.458,42.2,54700
Norway,1975,30700,7.65,0.247,72,59000
Pakistan,1975,23200,0.347,0.00774,141,101000
Peru,1975,22000,1.42,0.011,204,54900
Philippines,1975,32500,0.787,0.0012,201,85600
Poland,1975,375000,11,2.46,1780,566000
Portugal,1975,21300,2.32,0.0447,89,33200
Qatar,1975,11000,66.7,0,2.76,18300
Romania,1975,162000,7.48,0.449,415,218000
Russia,1975,1840000,13.7,0,8750,2690000
Saudi Arabia,1975,83300,11.2,0,216,140000
Singapore,1975,24500,10.9,0.00056,45.4,0
Slovak Republic,1975,55600,11.7,1.43,359,57600
South Africa,1975,185000,7.35,1.34,696,294000
South Korea,1975,81900,2.31,0.227,283,121000
Spain,1975,181000,5.05,0.295,1500,231000
Sweden,1975,80800,9.86,0.237,345,104000
Switzerland,1975,39100,6.17,0.036,77.7,49300
Thailand,1975,24400,0.576,0.00326,93.1,118000
Trinidad and Tobago,1975,9620,9.52,0,72.4,0
Turkey,1975,65500,1.67,0.151,235,126000
Turkmenistan,1975,34100,13.5,0,62.2,24600
Ukraine,1975,555000,11.4,0,1850,648000
United Arab Emirates,1975,31100,56.7,0,3.24,57800
United Kingdom,1975,604000,10.8,1.27,2680,809000
United States,1975,4400000,20.1,1.46,12700,5540000
Uzbekistan,1975,91400,6.6,0,231,68100
Venezuela,1975,63800,4.84,0.0188,302,135000
Vietnam,1975,21800,0.447,0.0529,41.7,80400
Algeria,1976,39200,2.29,0.00273,16.7,68700
Argentina,1976,99700,3.8,0.0406,272,247000
Australia,1976,174000,12.5,1.73,578,408000
Austria,1976,58300,7.62,0.507,173,78100
Azerbaijan,1976,44600,7.73,0,70.9,42800
Bangladesh,1976,5560,0.0776,0.00169,98.2,113000
Belarus,1976,97500,10.5,0,357,171000
Belgium,1976,130000,13.3,0.917,403,163000
Brazil,1976,155000,1.41,0.031,674,1380000
Bulgaria,1976,73000,8.32,0.9,897,102000
Canada,1976,399000,17.1,0.78,2590,581000
Chile,1976,24000,2.24,0.0802,707,42300
China,1976,1190000,1.26,0.25,5060,2330000
Colombia,1976,38000,1.54,0.0876,61.6,145000
Czech Republic,1976,181000,17.8,3.82,1100,208000
Denmark,1976,60200,11.8,0.561,181,77800
Ecuador,1976,8110,1.13,0,33.3,18600
Egypt,1976,34500,0.875,0.0141,159,71000
Finland,1976,51200,10.8,0.654,246,69900
France,1976,507000,9.57,0.547,1710,679000
Germany,1976,1090000,13.9,1.7,3760,1340000
Greece,1976,42700,4.68,0.836,204,61500
Hungary,1976,80000,7.56,0.761,822,108000
India,1976,263000,0.412,0.0789,1140,853000
Indonesia,1976,61800,0.462,0.00069,104,483000
Iran,1976,157000,4.64,0.0377,493,226000
Ireland,1976,22300,6.99,0.54,68.3,52200
Israel,1976,19500,5.76,0,77.2,21000
Italy,1976,366000,6.59,0.175,1660,455000
Japan,1976,908000,7.99,0.483,841,1100000
Kazakhstan,1976,200000,14.1,0,1060,230000
Kuwait,1976,18500,17,0,232,45100
Lithuania,1976,27200,8.19,0,150,116000
Malaysia,1976,23900,1.92,0.0008,68.3,91600
Mexico,1976,184000,3,0.0249,578,292000
Netherlands,1976,169000,12.3,0.218,231,214000
New Zealand,1976,19300,6.2,0.468,39.7,57200
Norway,1976,33400,8.3,0.237,81,62900
Pakistan,1976,22800,0.331,0.00744,119,102000
Peru,1976,22400,1.42,0.00831,230,58600
Philippines,1976,35100,0.827,0.00138,208,84900
Poland,1976,398000,11.6,2.55,1850,586000
Portugal,1976,22300,2.4,0.0428,86.7,34600
Qatar,1976,10400,59.8,0,3.25,17000
Romania,1976,175000,7.98,0.451,398,236000
Russia,1976,1910000,14.2,0,8790,2800000
Saudi Arabia,1976,102000,13,0,231,174000
Singapore,1976,30000,13.1,0.00147,46.8,0
Slovak Republic,1976,57800,12,1.4,367,58400
South Africa,1976,193000,7.47,1.37,759,308000
South Korea,1976,93300,2.6,0.249,292,130000
Spain,1976,198000,5.46,0.283,1450,250000
Sweden,1976,88300,10.7,0.227,338,111000
Switzerland,1976,40500,6.39,0.0338,60.3,50900
Thailand,1976,28700,0.663,0.00368,92.1,121000
Trinidad and Tobago,1976,15900,15.5,0,93.9,0
Turkey,1976,73400,1.83,0.154,249,137000
Turkmenistan,1976,35400,13.6,0,62.5,29500
Ukraine,1976,577000,11.8,0,1860,667000
United Arab Emirates,1976,39600,62.2,0,3.6,70400
United Kingdom,1976,599000,10.7,1.29,2560,825000
United States,1976,4610000,20.9,1.55,12900,5870000
Uzbekistan,1976,94900,6.66,0,232,73700
Venezuela,1976,57300,4.22,0.012,297,146000
Vietnam,1976,13900,0.28,0.0488,43.9,79200
Algeria,1977,41900,2.38,0.00345,19.6,74900
Argentina,1977,101000,3.78,0.0316,299,247000
Australia,1977,188000,13.3,1.79,610,415000
Austria,1977,56000,7.34,0.426,167,75700
Azerbaijan,1977,46100,7.86,0,72.6,44500
Bangladesh,1977,5790,0.0788,0.00172,109,115000
Belarus,1977,101000,10.7,0,366,176000
Belgium,1977,126000,12.9,0.928,439,162000
Brazil,1977,162000,1.44,0.0384,761,1170000
Bulgaria,1977,75800,8.62,0.894,906,106000
Canada,1977,408000,17.3,0.985,2450,575000
Chile,1977,23000,2.11,0.085,733,40600
China,1977,1310000,1.36,0.271,5770,2520000
Colombia,1977,39300,1.56,0.0878,66.3,135000
Czech Republic,1977,186000,18.2,3.87,1140,220000
Denmark,1977,61900,12.1,0.643,198,81400
Ecuador,1977,7480,1.01,0,29.2,19800
Egypt,1977,37800,0.938,0.0157,203,72600
Finland,1977,50200,10.6,0.658,289,69700
France,1977,482000,9.06,0.525,1550,667000
Germany,1977,1050000,13.4,1.64,3680,1320000
Greece,1977,46700,5.05,0.877,198,63800
Hungary,1977,83100,7.82,0.769,834,113000
India,1977,278000,0.426,0.0807,1150,872000
Indonesia,1977,82500,0.601,0.00073,122,834000
Iran,1977,164000,4.71,0.037,597,233000
Ireland,1977,23600,7.27,0.557,92.8,54500
Israel,1977,19800,5.7,0,83.1,21900
Italy,1977,355000,6.36,0.172,1650,447000
Japan,1977,934000,8.13,0.451,843,1130000
Kazakhstan,1977,207000,14.4,0,1090,222000
Kuwait,1977,17200,14.9,0,203,43000
Lithuania,1977,28200,8.4,0,154,120000
Malaysia,1977,22600,1.77,0.00086,86,121000
Mexico,1977,193000,3.06,0.0348,665,305000
Netherlands,1977,164000,11.8,0.227,239,213000
New Zealand,1977,20300,6.51,0.444,38.9,58500
Norway,1977,33400,8.26,0.203,81.3,64400
Pakistan,1977,24300,0.343,0.00785,135,107000
Peru,1977,23300,1.43,0.00927,313,53800
Philippines,1977,36700,0.841,0.00332,246,89700
Poland,1977,418000,12.1,2.62,1930,603000
Portugal,1977,22600,2.4,0.0383,96.3,35200
Qatar,1977,9920,54.4,0,5.11,15700
Romania,1977,178000,8.07,0.452,412,246000
Russia,1977,1970000,14.6,0,9010,2850000
Saudi Arabia,1977,118000,14.4,0,281,185000
Singapore,1977,28300,12.2,0.00188,61.5,0
Slovak Republic,1977,59500,12.3,1.42,380,60700
South Africa,1977,200000,7.55,1.38,849,310000
South Korea,1977,106000,2.9,0.268,338,145000
Spain,1977,195000,5.32,0.3,1420,243000
Sweden,1977,85800,10.4,0.179,302,107000
Switzerland,1977,41100,6.5,0.0396,62.9,52300
Thailand,1977,32100,0.723,0.00346,106,133000
Trinidad and Tobago,1977,16200,15.6,0,82.8,0
Turkey,1977,81200,1.97,0.155,262,147000
Turkmenistan,1977,36600,13.7,0,64,31200
Ukraine,1977,596000,12.1,0,1900,678000
United Arab Emirates,1977,38800,52.7,0,8.38,69600
United Kingdom,1977,605000,10.8,1.3,2540,834000
United States,1977,4740000,21.2,1.57,13000,6050000
Uzbekistan,1977,98100,6.7,0,237,76400
Venezuela,1977,63700,4.56,0.0181,327,140000
Vietnam,1977,15300,0.3,0.0524,47.9,83300
Algeria,1978,62500,3.45,0.0017,31.3,82000
Argentina,1978,103000,3.79,0.0445,240,248000
Australia,1978,202000,14.2,1.81,592,378000
Austria,1978,57300,7.51,0.433,170,77900
Azerbaijan,1978,47700,8,0,73.3,46300
Bangladesh,1978,5990,0.0794,0.00162,111,118000
Belarus,1978,104000,11,0,370,179000
Belgium,1978,136000,13.8,0.949,382,167000
Brazil,1978,176000,1.53,0.0431,807,1340000
Bulgaria,1978,81300,9.2,0.95,900,112000
Canada,1978,416000,17.4,0.801,2140,550000
Chile,1978,22900,2.06,0.0816,703,41700
China,1978,1460000,1.5,0.293,6450,2730000
Colombia,1978,41600,1.62,0.0867,64.5,146000
Czech Republic,1978,188000,18.3,3.87,1150,217000
Denmark,1978,61100,12,0.707,185,81500
Ecuador,1978,10400,1.37,0,46.2,21000
Egypt,1978,39300,0.952,0.0147,202,73800
Finland,1978,51900,10.9,0.886,261,75200
France,1978,507000,9.49,0.546,1610,688000
Germany,1978,1080000,13.7,1.66,3520,1360000
Greece,1978,47700,5.08,0.768,192,66900
Hungary,1978,88100,8.24,0.764,831,122000
India,1978,282000,0.422,0.0763,1160,875000
Indonesia,1978,94000,0.669,0.00095,121,502000
Iran,1978,162000,4.51,0.0219,589,225000
Ireland,1978,23600,7.16,0.518,91.8,54700
Israel,1978,21000,5.93,0,84,23200
Italy,1978,372000,6.64,0.174,1640,458000
Japan,1978,902000,7.79,0.405,708,1130000
Kazakhstan,1978,213000,14.7,0,1100,227000
Kuwait,1978,21000,17.1,0,247,47500
Lithuania,1978,29200,8.64,0,155,124000
Malaysia,1978,23300,1.77,0.00183,87.1,139000
Mexico,1978,222000,3.45,0.0354,699,333000
Netherlands,1978,170000,12.2,0.258,218,218000
New Zealand,1978,18000,5.77,0.408,34,57600
Norway,1978,32700,8.07,0.209,74.7,64200
Pakistan,1978,26100,0.356,0.0081,143,112000
Peru,1978,22400,1.34,0.0077,318,56700
Philippines,1978,37400,0.834,0.00296,232,92100
Poland,1978,431000,12.4,2.72,1980,624000
Portugal,1978,22600,2.37,0.0446,93.1,37300
Qatar,1978,10500,54.8,0,1.07,17300
Romania,1978,194000,8.69,0.504,455,263000
Russia,1978,2040000,15,0,9090,2910000
Saudi Arabia,1978,115000,13.3,0,259,188000
Singapore,1978,33100,14.2,0.00197,69,0
Slovak Republic,1978,60100,12.3,1.47,384,67900
South Africa,1978,202000,7.45,1.31,875,287000
South Korea,1978,113000,3.07,0.267,360,156000
Spain,1978,200000,5.39,0.255,1300,243000
Sweden,1978,79500,9.61,0.183,269,102000
Switzerland,1978,42200,6.7,0.0357,51.4,53700
Thailand,1978,35000,0.77,0.00436,106,141000
Trinidad and Tobago,1978,15300,14.5,0,71.5,0
Turkey,1978,76800,1.83,0.154,258,147000
Turkmenistan,1978,37900,13.8,0,64.6,33000
Ukraine,1978,617000,12.5,0,1920,681000
United Arab Emirates,1978,44800,53.6,0,4.18,78600
United Kingdom,1978,605000,10.8,1.26,2610,831000
United States,1978,4890000,21.7,1.54,12200,6050000
Uzbekistan,1978,102000,6.74,0,240,79000
Venezuela,1978,68600,4.78,0.00543,314,153000
Vietnam,1978,15400,0.296,0.0496,46.4,83200
Algeria,1979,45600,2.44,0.00384,29.8,84400
Argentina,1979,111000,4.03,0.0347,257,256000
Australia,1979,205000,14.2,1.87,609,412000
Austria,1979,61400,8.06,0.471,185,80600
Azerbaijan,1979,48100,7.94,0,72.9,48400
Bangladesh,1979,6620,0.0854,0.00117,95.1,121000
Belarus,1979,105000,11.1,0,367,185000
Belgium,1979,140000,14.2,1.06,406,176000
Brazil,1979,187000,1.59,0.0457,915,1420000
Bulgaria,1979,79000,8.92,0.977,959,116000
Canada,1979,442000,18.3,0.75,2240,657000
Chile,1979,24700,2.2,0.0889,713,43600
China,1979,1490000,1.51,0.299,6610,2770000
Colombia,1979,44300,1.68,0.0855,69.3,150000
Czech Republic,1979,183000,17.7,3.85,1160,227000
Denmark,1979,63000,12.3,0.842,207,84800
Ecuador,1979,12200,1.56,0,55.2,22300
Egypt,1979,42900,1.02,0.0159,209,76900
Finland,1979,54300,11.4,0.851,285,75500
France,1979,531000,9.89,0.591,1710,697000
Germany,1979,1120000,14.3,1.76,3730,1410000
Greece,1979,50900,5.34,0.416,216,70200
Hungary,1979,86200,8.02,0.767,831,121000
India,1979,296000,0.433,0.0792,1190,905000
Indonesia,1979,95200,0.661,0.00139,142,697000
Iran,1979,164000,4.4,0.0305,580,200000
Ireland,1979,27400,8.21,0.586,117,59400
Israel,1979,20900,5.76,0,85,23600
Italy,1979,386000,6.86,0.19,1620,476000
Japan,1979,954000,8.16,0.429,682,1160000
Kazakhstan,1979,215000,14.7,0,1090,218000
Kuwait,1979,17600,13.6,0,211,55600
Lithuania,1979,29400,8.65,0,154,128000
Malaysia,1979,27300,2.03,0.00253,85.5,132000
Mexico,1979,241000,3.64,0.0339,775,362000
Netherlands,1979,187000,13.3,0.244,247,229000
New Zealand,1979,16500,5.27,0.363,33.3,56000
Norway,1979,34800,8.54,0.259,73.4,68000
Pakistan,1979,28200,0.373,0.00875,156,117000
Peru,1979,22200,1.3,0.00797,339,58800
Philippines,1979,38100,0.826,0.00252,251,94600
Poland,1979,442000,12.5,2.73,2040,618000
Portugal,1979,24900,2.57,0.046,123,40300
Qatar,1979,14400,70,0,4.11,17800
Romania,1979,196000,8.72,0.538,492,269000
Russia,1979,2060000,15,0,9040,2960000
Saudi Arabia,1979,138000,15.1,0,312,217000
Singapore,1979,36100,15.2,0.00028,72.9,0
Slovak Republic,1979,58500,11.8,1.44,387,69000
South Africa,1979,219000,7.87,1.36,982,299000
South Korea,1979,133000,3.55,0.316,433,173000
Spain,1979,203000,5.43,0.288,1260,256000
Sweden,1979,84900,10.2,0.216,251,105000
Switzerland,1979,39900,6.35,0.037,56.1,52100
Thailand,1979,36600,0.789,0.00897,133,138000
Trinidad and Tobago,1979,16700,15.6,0,69,0
Turkey,1979,75100,1.75,0.155,330,142000
Turkmenistan,1979,38200,13.6,0,64.2,34000
Ukraine,1979,622000,12.5,0,1910,695000
United Arab Emirates,1979,36600,39.3,0,31.5,57200
United Kingdom,1979,645000,11.5,1.36,2760,877000
United States,1979,4900000,21.5,1.67,12200,6140000
Uzbekistan,1979,102000,6.61,0,238,79200
Venezuela,1979,76500,5.18,0.011,325,168000
Vietnam,1979,16300,0.306,0.0501,48.1,83100
Algeria,1980,66500,3.46,0.00331,76.8,83300
Argentina,1980,109000,3.89,0.0332,271,254000
Australia,1980,221000,15.1,1.91,575,434000
Austria,1980,52100,6.84,0.484,172,78800
Azerbaijan,1980,50000,8.13,0,73.4,51100
Bangladesh,1980,7600,0.0955,0.00152,130,115000
Belarus,1980,109000,11.4,0,370,188000
Belgium,1980,135000,13.7,1.06,414,165000
Brazil,1980,186000,1.54,0.0487,931,1500000
Bulgaria,1980,77300,8.7,1.02,1030,120000
Canada,1980,443000,18.2,0.904,2320,712000
Chile,1980,25100,2.2,0.0968,709,44000
China,1980,1460000,1.46,0.306,6470,2760000
Colombia,1980,44200,1.64,0.0877,67.2,154000
Czech Republic,1980,185000,17.9,3.72,1130,220000
Denmark,1980,60400,11.8,1.2,226,85600
Ecuador,1980,13400,1.68,0,62.8,23500
Egypt,1980,45200,1.04,0.0125,244,84800
Finland,1980,58200,12.2,0.963,292,76400
France,1980,506000,9.4,0.576,1630,675000
Germany,1980,1100000,14.1,1.81,3760,1350000
Greece,1980,50900,5.29,0.411,200,70400
Hungary,1980,86800,8.07,0.751,817,120000
India,1980,313000,0.447,0.0814,1270,929000
Indonesia,1980,95000,0.644,0.00172,177,714000
Iran,1980,121000,3.12,0.0309,542,167000
Ireland,1980,26300,7.77,0.548,111,58400
Israel,1980,21000,5.67,0.00027,87.7,23600
Italy,1980,387000,6.86,0.223,1880,478000
Japan,1980,946000,8.03,0.494,639,1140000
Kazakhstan,1980,224000,15.1,0,1100,220000
Kuwait,1980,24600,18,0,207,47100
Lithuania,1980,30600,8.92,0,156,132000
Malaysia,1980,28100,2.03,0.00362,93.8,151000
Mexico,1980,268000,3.96,0.0335,991,387000
Netherlands,1980,177000,12.5,0.282,245,219000
New Zealand,1980,17500,5.56,0.372,36.7,58600
Norway,1980,31900,7.81,0.239,68.7,66500
Pakistan,1980,32000,0.409,0.00902,183,119000
Peru,1980,24100,1.37,0.00818,320,60600
Philippines,1980,36900,0.779,0.00295,267,90500
Poland,1980,464000,13,2.86,2050,606000
Portugal,1980,26800,2.75,0.0357,133,41400
Qatar,1980,13100,58.5,0,2.01,16200
Romania,1980,196000,8.68,0.547,528,266000
Russia,1980,2140000,15.5,0,9100,3030000
Saudi Arabia,1980,169000,17.5,0,325,261000
Singapore,1980,31400,13,0.00123,71.1,0
Slovak Republic,1980,59200,11.9,1.62,390,76300
South Africa,1980,228000,8,1.44,1070,308000
South Korea,1980,135000,3.55,0.347,481,175000
Spain,1980,214000,5.68,0.329,1420,270000
Sweden,1980,71800,8.63,0.205,246,97900
Switzerland,1980,40500,6.45,0.0542,58,53200
Thailand,1980,40000,0.844,0.0095,144,145000
Trinidad and Tobago,1980,16900,15.6,0,76.2,0
Turkey,1980,75300,1.71,0.16,324,147000
Turkmenistan,1980,39700,13.8,0,64.7,31200
Ukraine,1980,646000,12.9,0,1920,693000
United Arab Emirates,1980,36900,36.1,0,8.85,60200
United Kingdom,1980,580000,10.3,1.26,2430,807000
United States,1980,4720000,20.6,1.69,11800,5900000
Uzbekistan,1980,106000,6.69,0,240,76400
Venezuela,1980,90700,5.97,0.0102,330,180000
Vietnam,1980,16800,0.309,0.0418,48.5,85100
Algeria,1981,46400,2.34,0.00226,87.8,79900
Argentina,1981,102000,3.6,0.0297,229,246000
Australia,1981,230000,15.6,1.93,622,388000
Austria,1981,55900,7.35,0.496,152,75500
Azerbaijan,1981,49100,7.85,0,68.4,55400
Bangladesh,1981,7890,0.0965,0.00152,132,116000
Belarus,1981,107000,11.1,0,365,190000
Belgium,1981,124000,12.5,1.1,356,154000
Brazil,1981,171000,1.38,0.0466,938,1390000
Bulgaria,1981,80100,9,1.03,1040,116000
Canada,1981,430000,17.4,0.913,2150,699000
Chile,1981,24400,2.1,0.0951,702,41800
China,1981,1440000,1.42,0.3,6460,2720000
Colombia,1981,44300,1.61,0.0873,68.8,150000
Czech Republic,1981,183000,17.6,3.69,1170,220000
Denmark,1981,51800,10.1,0.959,185,73200
Ecuador,1981,16700,2.03,0,65.1,25100
Egypt,1981,50900,1.15,0.0157,268,93500
Finland,1981,51400,10.7,0.588,267,66600
France,1981,456000,8.42,0.523,1280,622000
Germany,1981,1050000,13.4,1.84,3720,1320000
Greece,1981,50200,5.16,0.403,231,69900
Hungary,1981,86500,8.05,0.755,790,120000
India,1981,337000,0.472,0.0895,1410,980000
Indonesia,1981,100000,0.665,0.00179,164,638000
Iran,1981,113000,2.8,0.0248,494,164000
Ireland,1981,26100,7.62,0.568,96,57800
Israel,1981,21000,5.58,0.00026,79.3,24500
Italy,1981,376000,6.65,0.227,1670,467000
Japan,1981,928000,7.81,0.55,625,1110000
Kazakhstan,1981,219000,14.7,0,1020,206000
Kuwait,1981,25200,17.5,0,173,42900
Lithuania,1981,30100,8.71,0,156,133000
Malaysia,1981,30900,2.19,0.00658,94.5,138000
Mexico,1981,284000,4.09,0.029,1080,407000
Netherlands,1981,164000,11.5,0.311,232,217000
New Zealand,1981,16600,5.24,0.369,32.8,58400
Norway,1981,32000,7.8,0.239,64,62700
Pakistan,1981,34300,0.425,0.0099,188,124000
Peru,1981,24000,1.34,0.00809,306,60100
Philippines,1981,34600,0.71,0.00498,245,87100
Poland,1981,409000,11.4,2.53,1870,569000
Portugal,1981,27000,2.75,0.0402,136,43000
Qatar,1981,12900,51.8,0,8.17,14900
Romania,1981,198000,8.7,0.572,548,270000
Russia,1981,2100000,15.1,0,8620,3030000
Saudi Arabia,1981,175000,17,0,359,237000
Singapore,1981,26800,10.9,0.00187,81,0
Slovak Republic,1981,58600,11.6,1.56,321,75500
South Africa,1981,257000,8.77,1.66,1210,312000
South Korea,1981,140000,3.62,0.395,556,182000
Spain,1981,206000,5.43,0.403,1390,275000
Sweden,1981,69400,8.34,0.176,216,90400
Switzerland,1981,38800,6.17,0.08,54,51500
Thailand,1981,37800,0.783,0.0104,146,143000
Trinidad and Tobago,1981,17300,15.7,0,66.7,0
Turkey,1981,79300,1.76,0.16,364,150000
Turkmenistan,1981,38900,13.2,0,60.3,32500
Ukraine,1981,634000,12.6,0,1750,691000
United Arab Emirates,1981,36800,33.6,0,36.8,53900
United Kingdom,1981,561000,9.98,1.26,2200,789000
United States,1981,4530000,19.6,1.73,11200,5830000
Uzbekistan,1981,104000,6.39,0,224,78100
Venezuela,1981,91900,5.89,0.00982,304,177000
Vietnam,1981,17700,0.319,0.0455,48.4,86400
Algeria,1982,39200,1.92,0.0406,99.4,83100
Argentina,1982,103000,3.59,0.0291,200,244000
Australia,1982,234000,15.6,1.92,691,429000
Austria,1982,53600,7.05,0.472,144,73100
Azerbaijan,1982,50000,7.87,0,70.2,56900
Bangladesh,1982,8560,0.102,0.0018,119,118000
Belarus,1982,109000,11.2,0,355,188000
Belgium,1982,117000,11.9,1.1,347,145000
Brazil,1982,171000,1.35,0.0481,903,1450000
Bulgaria,1982,89900,10.1,1.08,1100,118000
Canada,1982,415000,16.6,0.955,1810,576000
Chile,1982,20500,1.74,0.0624,778,38100
China,1982,1570000,1.53,0.313,6910,2820000
Colombia,1982,45700,1.63,0.0889,66.9,155000
Czech Republic,1982,181000,17.5,3.72,1190,222000
Denmark,1982,53700,10.5,1.16,189,76200
Ecuador,1982,19300,2.29,0,66.1,25600
Egypt,1982,56500,1.24,0.0158,277,99900
Finland,1982,43000,8.9,0.65,242,64700
France,1982,438000,8.06,0.532,1230,597000
Germany,1982,1020000,13,1.8,3720,1270000
Greece,1982,51600,5.26,0.406,218,71500
Hungary,1982,86800,8.1,0.79,773,119000
India,1982,348000,0.475,0.0865,1480,1010000
Indonesia,1982,106000,0.684,0.00165,158,2490000
Iran,1982,138000,3.29,0.0322,554,201000
Ireland,1982,25600,7.41,0.595,79,57700
Israel,1982,23900,6.22,0.143,106,25700
Italy,1982,367000,6.48,0.254,1430,457000
Japan,1982,898000,7.51,0.52,567,1060000
Kazakhstan,1982,223000,14.8,0,1050,207000
Kuwait,1982,21100,14,0,228,42800
Lithuania,1982,30700,8.81,0,152,134000
Malaysia,1982,30700,2.12,0.00587,77.4,141000
Mexico,1982,304000,4.28,0.0339,1020,452000
Netherlands,1982,134000,9.35,0.358,202,205000
New Zealand,1982,18300,5.73,0.359,30.1,60500
Norway,1982,31100,7.56,0.229,55.4,58700
Pakistan,1982,37200,0.446,0.0109,207,130000
Peru,1982,23600,1.28,0.00894,310,60700
Philippines,1982,34900,0.697,0.00541,225,87000
Poland,1982,421000,11.6,2.59,2050,575000
Portugal,1982,29000,2.94,0.0369,145,43600
Qatar,1982,12300,44.5,0,2.82,16300
Romania,1982,195000,8.56,0.544,552,268000
Russia,1982,2140000,15.3,0,8830,3060000
Saudi Arabia,1982,158000,14.4,0,348,230000
Singapore,1982,29600,11.8,0.00065,75,0
Slovak Republic,1982,58000,11.4,1.58,287,73100
South Africa,1982,281000,9.31,1.77,1230,309000
South Korea,1982,142000,3.63,0.394,520,181000
Spain,1982,209000,5.46,0.444,1370,268000
Sweden,1982,62300,7.48,0.196,186,84100
Switzerland,1982,36600,5.79,0.0705,50,48000
Thailand,1982,37700,0.765,0.0132,140,142000
Trinidad and Tobago,1982,18400,16.4,0,43.6,0
Turkey,1982,86300,1.87,0.175,405,159000
Turkmenistan,1982,39700,13.1,0,61.9,34200
Ukraine,1982,646000,12.8,0,1710,691000
United Arab Emirates,1982,36800,31.6,0,42,52800
United Kingdom,1982,549000,9.76,1.17,2090,773000
United States,1982,4310000,18.4,1.65,10500,5530000
Uzbekistan,1982,106000,6.35,0,230,81000
Venezuela,1982,93300,5.82,0.00546,274,181000
Vietnam,1982,18300,0.323,0.0492,49.4,89200
Algeria,1983,52500,2.49,0.0351,120,89100
Argentina,1983,105000,3.59,0.026,149,249000
Australia,1983,225000,14.8,1.9,670,387000
Austria,1983,51700,6.8,0.505,109,73200
Azerbaijan,1983,50700,7.86,0,67.9,58600
Bangladesh,1983,8190,0.0951,0.00099,78.7,113000
Belarus,1983,111000,11.3,0,355,188000
Belgium,1983,101000,10.2,0.938,280,136000
Brazil,1983,166000,1.28,0.0529,906,1460000
Bulgaria,1983,90100,10.1,1.08,1100,117000
Canada,1983,409000,16.2,0.989,1810,573000
Chile,1983,20700,1.74,0.0737,786,38600
China,1983,1660000,1.59,0.331,7370,2950000
Colombia,1983,49200,1.72,0.0958,84,157000
Czech Republic,1983,181000,17.5,3.71,1170,222000
Denmark,1983,50200,9.81,1.11,161,74400
Ecuador,1983,19500,2.26,0,55.3,24800
Egypt,1983,57000,1.22,0.0146,248,106000
Finland,1983,41500,8.53,0.702,186,63700
France,1983,424000,7.76,0.479,1010,584000
Germany,1983,1010000,13,1.87,3670,1270000
Greece,1983,54800,5.56,0.495,235,75300
Hungary,1983,89000,8.35,0.746,740,115000
India,1983,377000,0.503,0.0897,1530,1060000
Indonesia,1983,105000,0.666,0.00161,157,1110000
Iran,1983,149000,3.42,0.0291,480,220000
Ireland,1983,25700,7.4,0.641,71,57900
Israel,1983,23700,6.08,0.265,110,26600
Italy,1983,359000,6.32,0.237,1230,452000
Japan,1983,882000,7.32,0.509,525,1070000
Kazakhstan,1983,226000,14.8,0,1020,204000
Kuwait,1983,21600,13.7,0,232,49100
Lithuania,1983,31200,8.88,0,155,136000
Malaysia,1983,38100,2.57,0.0149,93.1,221000
Mexico,1983,278000,3.82,0.0378,880,421000
Netherlands,1983,137000,9.57,0.367,162,202000
New Zealand,1983,18000,5.6,0.394,29.2,60800
Norway,1983,32100,7.79,0.243,51.9,59400
Pakistan,1983,40100,0.464,0.0119,186,133000
Peru,1983,20400,1.08,0.00739,294,57000
Philippines,1983,35300,0.686,0.00958,213,91700
Poland,1983,421000,11.5,2.56,2040,578000
Portugal,1983,29900,3.02,0.0402,153,44300
Qatar,1983,11300,36.4,0,0.196,15600
Romania,1983,200000,8.74,0.626,615,279000
Russia,1983,2170000,15.4,0,8570,3080000
Saudi Arabia,1983,161000,13.8,0,402,223000
Singapore,1983,34800,13.5,0.00126,66.7,0
Slovak Republic,1983,58100,11.4,1.57,322,72900
South Africa,1983,292000,9.43,1.75,1290,300000
South Korea,1983,151000,3.8,0.415,485,193000
Spain,1983,204000,5.3,0.464,1380,272000
Sweden,1983,58300,7,0.246,153,78500
Switzerland,1983,40100,6.3,0.0612,46,53400
Thailand,1983,42200,0.84,0.0125,136,161000
Trinidad and Tobago,1983,16300,14.3,0,12.2,0
Turkey,1983,89900,1.91,0.188,439,163000
Turkmenistan,1983,40300,13,0,59.8,36000
Ukraine,1983,655000,12.9,0,1750,696000
United Arab Emirates,1983,35200,28.7,0,33.6,51000
United Kingdom,1983,546000,9.7,1.18,1920,763000
United States,1983,4340000,18.4,1.69,10300,5520000
Uzbekistan,1983,108000,6.28,0,222,83600
Venezuela,1983,93000,5.65,0.00744,243,181000
Vietnam,1983,19300,0.331,0.0483,51.1,93300
Algeria,1984,71000,3.26,0.0377,155,92800
Argentina,1984,106000,3.58,0.0173,153,243000
Australia,1984,237000,15.3,1.98,627,398000
Austria,1984,54300,7.13,0.575,100,75500
Azerbaijan,1984,51200,7.8,0,69.7,59800
Bangladesh,1984,9080,0.103,0.00039,64.4,118000
Belarus,1984,112000,11.3,0,345,185000
Belgium,1984,105000,10.6,1.09,250,140000
Brazil,1984,168000,1.27,0.0638,1030,1260000
Bulgaria,1984,87100,9.71,1.08,1120,115000
Canada,1984,426000,16.7,1.09,1980,569000
Chile,1984,22000,1.82,0.0978,804,39600
China,1984,1800000,1.7,0.354,8120,3140000
Colombia,1984,48700,1.66,0.0975,96.1,144000
Czech Republic,1984,187000,18.1,3.78,1150,225000
Denmark,1984,50900,9.95,1.17,153,73400
Ecuador,1984,21200,2.4,0,72.2,26100
Egypt,1984,63800,1.33,0.0144,273,112000
Finland,1984,42200,8.63,0.804,184,64200
France,1984,408000,7.41,0.456,903,575000
Germany,1984,1030000,13.3,1.93,3820,1290000
Greece,1984,56300,5.68,0.525,241,77200
Hungary,1984,90800,8.55,0.729,720,117000
India,1984,386000,0.504,0.0921,1630,1120000
Indonesia,1984,113000,0.697,0.00165,185,711000
Iran,1984,150000,3.3,0.0216,454,211000
Ireland,1984,25600,7.31,0.611,71,58100
Israel,1984,23500,5.93,0.422,117,27700
Italy,1984,365000,6.42,0.268,1060,460000
Japan,1984,938000,7.74,0.566,522,1140000
Kazakhstan,1984,228000,14.7,0,1040,214000
Kuwait,1984,28300,17.1,0,243,47400
Lithuania,1984,31500,8.9,0,152,139000
Malaysia,1984,34800,2.29,0.0157,92.4,155000
Mexico,1984,277000,3.73,0.0371,968,437000
Netherlands,1984,144000,9.99,0.442,150,209000
New Zealand,1984,19400,5.97,0.364,28.5,62300
Norway,1984,34000,8.23,0.271,47.9,62500
Pakistan,1984,42600,0.477,0.0131,206,137000
Peru,1984,20600,1.07,0.00576,325,54000
Philippines,1984,30900,0.584,0.0149,188,83800
Poland,1984,433000,11.7,2.65,2040,584000
Portugal,1984,28800,2.9,0.0496,114,42700
Qatar,1984,12300,36.1,0,13,20000
Romania,1984,189000,8.22,0.622,612,271000
Russia,1984,2190000,15.4,0,8500,3110000
Saudi Arabia,1984,156000,12.5,0,346,171000
Singapore,1984,33200,12.6,0.00189,61.7,0
Slovak Republic,1984,60100,11.7,1.66,348,75800
South Africa,1984,316000,9.92,1.84,1440,0
South Korea,1984,164000,4.07,0.493,531,208000
Spain,1984,198000,5.13,0.47,1260,262000
Sweden,1984,57400,6.88,0.296,148,78600
Switzerland,1984,39200,6.12,0.0781,42,52100
Thailand,1984,45600,0.892,0.0154,142,154000
Trinidad and Tobago,1984,17500,15.2,0,17.5,0
Turkey,1984,95000,1.97,0.207,515,170000
Turkmenistan,1984,40600,12.8,0,61.5,37500
Ukraine,1984,661000,13,0,1740,699000
United Arab Emirates,1984,46200,35.7,0,65.8,66600
United Kingdom,1984,530000,9.4,0.838,1850,731000
United States,1984,4470000,18.8,1.8,10700,5760000
Uzbekistan,1984,109000,6.18,0,228,85800
Venezuela,1984,93100,5.52,0.00793,244,176000
Vietnam,1984,17500,0.294,0.0473,43.5,91800
Algeria,1985,72700,3.24,0.0382,132,104000
Argentina,1985,100000,3.32,0.0198,158,238000
Australia,1985,241000,15.4,2.01,619,457000
Austria,1985,54400,7.15,0.574,91.4,76900
Azerbaijan,1985,55200,8.28,0.0138,85.8,61400
Bangladesh,1985,10200,0.112,0.00053,65.3,119000
Belarus,1985,120000,12.2,0.217,345,183000
Belgium,1985,104000,10.5,1.08,200,138000
Brazil,1985,180000,1.33,0.0739,1030,1320000
Bulgaria,1985,89300,9.94,1.12,1160,118000
Canada,1985,422000,16.4,1.04,1890,577000
Chile,1985,21300,1.74,0.0963,839,38200
China,1985,1950000,1.82,0.38,8950,3140000
Colombia,1985,48100,1.61,0.0985,88,149000
Czech Republic,1985,185000,17.9,3.7,1140,222000
Denmark,1985,60100,11.8,1.42,170,81300
Ecuador,1985,19400,2.14,0,56.2,27300
Egypt,1985,63900,1.3,0.0148,280,116000
Finland,1985,49600,10.1,1.02,191,68600
France,1985,403000,7.29,0.44,754,562000
Germany,1985,1040000,13.5,1.92,3870,1300000
Greece,1985,59800,6,0.606,250,80600
Hungary,1985,86000,8.14,0.72,702,115000
India,1985,425000,0.541,0.0943,1700,1140000
Indonesia,1985,122000,0.738,0.00545,194,745000
Iran,1985,160000,3.38,0.0204,606,222000
Ireland,1985,26800,7.62,0.699,70,59600
Israel,1985,24600,6.1,0.452,116,29500
Italy,1985,369000,6.49,0.264,951,463000
Japan,1985,913000,7.49,0.587,457,1110000
Kazakhstan,1985,246000,15.7,2.42,1290,213000
Kuwait,1985,29100,16.8,0,272,49900
Lithuania,1985,33900,9.51,0.228,152,142000
Malaysia,1985,36400,2.33,0.0204,88.3,142000
Mexico,1985,288000,3.79,0.0394,976,443000
Netherlands,1985,147000,10.1,0.438,129,213000
New Zealand,1985,21900,6.69,0.333,23.5,62900
Norway,1985,32500,7.83,0.269,49.1,63300
Pakistan,1985,46900,0.508,0.0143,237,142000
Peru,1985,19500,0.984,0.00614,339,53600
Philippines,1985,27900,0.514,0.0205,197,82500
Poland,1985,445000,12,2.69,2150,581000
Portugal,1985,27200,2.73,0.077,99,41500
Qatar,1985,12400,33.4,0,7.42,19000
Romania,1985,194000,8.41,0.646,628,270000
Russia,1985,2360000,16.5,1.39,9550,3150000
Saudi Arabia,1985,173000,13.2,0,391,0
Singapore,1985,33300,12.3,0.00419,52.4,0
Slovak Republic,1985,59300,11.5,1.64,307,75100
South Africa,1985,324000,9.92,1.85,1530,0
South Korea,1985,179000,4.38,0.54,640,215000
Spain,1985,200000,5.17,0.463,1200,256000
Sweden,1985,62400,7.47,0.348,133,82900
Switzerland,1985,39800,6.19,0.078,38,55900
Thailand,1985,48300,0.928,0.0305,227,158000
Trinidad and Tobago,1985,20700,17.7,0,17.6,0
Turkey,1985,106000,2.15,0.243,662,175000
Turkmenistan,1985,43800,13.5,0.0993,75.7,39800
Ukraine,1985,713000,14,1.51,1730,714000
United Arab Emirates,1985,49700,36.4,0,67,67700
United Kingdom,1985,560000,9.93,1.11,1860,767000
United States,1985,4490000,18.7,1.83,10600,5780000
Uzbekistan,1985,117000,6.5,0.152,281,88900
Venezuela,1985,101000,5.84,0.0102,256,179000
Vietnam,1985,21100,0.346,0.0459,46.2,92700
Algeria,1986,76100,3.3,0.0381,105,108000
Argentina,1986,104000,3.39,0.029,178,251000
Australia,1986,240000,15.1,2.03,646,435000
Austria,1986,53800,7.05,0.511,81.5,75500
Azerbaijan,1986,55300,8.16,0.0136,92.7,62700
Bangladesh,1986,11400,0.122,0.00077,59,122000
Belarus,1986,121000,12.1,0.236,345,182000
Belgium,1986,102000,10.3,0.922,189,138000
Brazil,1986,197000,1.43,0.0733,1020,1410000
Bulgaria,1986,91200,10.2,1.15,1140,119000
Canada,1986,405000,15.5,0.948,1660,566000
Chile,1986,22000,1.77,0.09,866,39100
China,1986,2050000,1.88,0.39,9180,3280000
Colombia,1986,48800,1.6,0.0952,87.2,153000
Czech Republic,1986,186000,18,3.69,1090,220000
Denmark,1986,59000,11.5,1.44,144,82400
Ecuador,1986,15200,1.64,0,46.9,28400
Egypt,1986,74500,1.47,0.0145,283,120000
Finland,1986,53300,10.8,0.924,166,68800
France,1986,388000,6.98,0.362,689,549000
Germany,1986,1050000,13.5,1.81,3820,1300000
Greece,1986,58300,5.82,0.576,251,79900
Hungary,1986,83300,7.92,0.714,681,113000
India,1986,455000,0.568,0.0991,1810,1200000
Indonesia,1986,122000,0.726,0.00859,199,1120000
Iran,1986,148000,3,0.0193,453,212000
Ireland,1986,28600,8.13,0.767,81,60900
Israel,1986,26400,6.43,0.494,124,32000
Italy,1986,363000,6.38,0.26,965,465000
Japan,1986,913000,7.45,0.557,418,1110000
Kazakhstan,1986,247000,15.6,2.51,1390,226000
Kuwait,1986,35300,19.2,0,297,51400
Lithuania,1986,34000,9.47,0.263,158,143000
Malaysia,1986,40100,2.5,0.0148,86,158000
Mexico,1986,294000,3.79,0.0425,975,443000
Netherlands,1986,144000,9.87,0.448,132,216000
New Zealand,1986,23000,6.98,0.38,25,63200
Norway,1986,35100,8.41,0.239,45.7,65500
Pakistan,1986,49100,0.516,0.0158,250,148000
Peru,1986,21800,1.08,0.00815,321,57200
Philippines,1986,29000,0.521,0.0158,198,82700
Poland,1986,452000,12.1,2.74,2100,594000
Portugal,1986,30200,3.05,0.145,117,45700
Qatar,1986,13300,33.4,0,5.96,20400
Romania,1986,202000,8.71,0.651,647,274000
Russia,1986,2360000,16.4,1.41,9830,3240000
Saudi Arabia,1986,205000,14.8,0,563,0
Singapore,1986,34900,12.6,0.00254,52.7,0
Slovak Republic,1986,59700,11.5,1.51,302,72100
South Africa,1986,331000,9.88,1.83,1530,0
South Korea,1986,183000,4.43,0.565,633,224000
Spain,1986,189000,4.87,0.478,1130,261000
Sweden,1986,62100,7.4,0.37,136,84000
Switzerland,1986,42300,6.53,0.0667,34,55600
Thailand,1986,49300,0.93,0.0294,235,159000
Trinidad and Tobago,1986,17400,14.7,0,17.2,0
Turkey,1986,116000,2.31,0.262,761,187000
Turkmenistan,1986,43900,13.2,0.0969,81.7,41500
Ukraine,1986,715000,14,1.5,1700,718000
United Arab Emirates,1986,47100,32.5,0,68.2,64900
United Kingdom,1986,569000,10.1,1.2,1940,786000
United States,1986,4490000,18.5,1.79,10200,5730000
Uzbekistan,1986,118000,6.35,0.186,303,92300
Venezuela,1986,109000,6.15,0.0111,246,185000
Vietnam,1986,20600,0.33,0.0495,52,95800
Algeria,1987,84000,3.53,0.0442,110,107000
Argentina,1987,115000,3.68,0.0317,182,257000
Australia,1987,256000,15.8,2.08,713,413000
Austria,1987,57400,7.52,0.506,70.6,75200
Azerbaijan,1987,55100,7.99,0.0134,95.5,63000
Bangladesh,1987,11800,0.123,0.00118,54.4,120000
Belarus,1987,120000,12,0.228,381,181000
Belgium,1987,103000,10.3,0.917,184,137000
Brazil,1987,206000,1.46,0.0752,1050,1610000
Bulgaria,1987,91300,10.2,1.16,1210,118000
Canada,1987,431000,16.3,1,1840,571000
Chile,1987,22400,1.77,0.0911,867,39800
China,1987,2190000,1.96,0.416,9490,3350000
Colombia,1987,50200,1.61,0.117,90.6,166000
Czech Republic,1987,184000,17.8,3.64,1080,220000
Denmark,1987,58400,11.4,1.41,128,82100
Ecuador,1987,15000,1.58,0,70.6,28100
Egypt,1987,74700,1.44,0.0149,313,122000
Finland,1987,57600,11.6,1.03,164,68800
France,1987,380000,6.8,0.328,681,548000
Germany,1987,1030000,13.2,1.8,3700,1310000
Greece,1987,62600,6.23,0.654,269,79400
Hungary,1987,84200,8.04,0.717,643,113000
India,1987,486000,0.593,0.106,1920,1200000
Indonesia,1987,124000,0.722,0.0132,216,1760000
Iran,1987,159000,3.1,0.0183,435,213000
Ireland,1987,30300,8.6,0.985,87,60900
Israel,1987,27100,6.5,0.518,128,32500
Italy,1987,380000,6.67,0.258,1010,470000
Japan,1987,903000,7.34,0.565,403,1110000
Kazakhstan,1987,246000,15.3,2.57,1430,234000
Kuwait,1987,31400,16.2,0,287,51700
Lithuania,1987,33900,9.34,0.257,158,144000
Malaysia,1987,40900,2.48,0.0198,83.5,190000
Mexico,1987,306000,3.87,0.0403,1070,454000
Netherlands,1987,152000,10.3,0.47,132,219000
New Zealand,1987,24200,7.31,0.316,30.5,62100
Norway,1987,33500,8,0.23,36.5,66900
Pakistan,1987,53000,0.54,0.0173,261,149000
Peru,1987,25700,1.24,0.00899,337,62300
Philippines,1987,32500,0.568,0.0163,189,83700
Poland,1987,464000,12.4,2.83,2100,588000
Portugal,1987,31200,3.15,0.189,109,46100
Qatar,1987,11500,27.2,0,11.1,20300
Romania,1987,212000,9.09,0.694,653,272000
Russia,1987,2350000,16.2,1.42,10000,3290000
Saudi Arabia,1987,191000,13.2,0,582,0
Singapore,1987,32500,11.5,0.00416,53.8,0
Slovak Republic,1987,59000,11.3,1.58,307,71800
South Africa,1987,329000,9.59,1.83,1550,0
South Korea,1987,193000,4.63,0.567,602,226000
Spain,1987,190000,4.87,0.463,1070,259000
Sweden,1987,59700,7.09,0.364,114,83800
Switzerland,1987,40200,6.18,0.0617,31,55800
Thailand,1987,56400,1.04,0.0416,267,166000
Trinidad and Tobago,1987,17500,14.7,0,18.4,0
Turkey,1987,129000,2.52,0.271,789,194000
Turkmenistan,1987,43700,12.8,0.0945,84.2,43200
Ukraine,1987,712000,13.9,1.48,1630,727000
United Arab Emirates,1987,47500,31,0,76.3,62300
United Kingdom,1987,572000,10.1,1.23,1940,786000
United States,1987,4680000,19.1,1.85,10100,5740000
Uzbekistan,1987,117000,6.17,0.197,312,94900
Venezuela,1987,111000,6.07,0.0142,243,195000
Vietnam,1987,23300,0.365,0.0539,56.6,95900
Algeria,1988,83800,3.43,0.0405,109,108000
Argentina,1988,121000,3.83,0.0324,199,266000
Australia,1988,261000,15.9,2.15,631,435000
Austria,1988,53000,6.92,0.483,52.7,75000
Azerbaijan,1988,56600,8.07,0.0131,99.6,65200
Bangladesh,1988,13500,0.137,0.00119,51.4,122000
Belarus,1988,123000,12.2,0.242,360,186000
Belgium,1988,99800,10,0.925,177,138000
Brazil,1988,208000,1.45,0.0754,1070,1450000
Bulgaria,1988,86900,9.73,1.08,1110,122000
Canada,1988,456000,17,1.06,1890,623000
Chile,1988,26600,2.07,0.125,907,45200
China,1988,2350000,2.07,0.438,9760,3680000
Colombia,1988,52100,1.64,0.0917,87.5,160000
Czech Republic,1988,181000,17.5,3.69,1030,216000
Denmark,1988,55200,10.8,1.32,125,76400
Ecuador,1988,17200,1.76,0,59.2,29900
Egypt,1988,74400,1.39,0.0159,308,129000
Finland,1988,52100,10.5,1.03,151,72000
France,1988,375000,6.68,0.318,628,534000
Germany,1988,1030000,13.2,1.77,3240,1290000
Greece,1988,67100,6.64,0.731,268,90100
Hungary,1988,78100,7.49,0.679,609,109000
India,1988,526000,0.627,0.112,2040,1310000
Indonesia,1988,133000,0.759,0.0135,224,814000
Iran,1988,175000,3.3,0.0182,462,224000
Ireland,1988,29900,8.52,1,76,61700
Israel,1988,29700,7.01,0.488,135,36900
Italy,1988,386000,6.77,0.241,982,498000
Japan,1988,986000,7.98,0.609,426,1190000
Kazakhstan,1988,252000,15.6,2.66,1490,240000
Kuwait,1988,32900,16.1,0,319,58900
Lithuania,1988,34800,9.52,0.257,150,148000
Malaysia,1988,42900,2.52,0.0153,87,167000
Mexico,1988,306000,3.79,0.0374,1060,462000
Netherlands,1988,146000,9.86,0.559,125,219000
New Zealand,1988,25500,7.64,0.34,30.3,65400
Norway,1988,35900,8.54,0.235,33.8,66700
Pakistan,1988,57700,0.569,0.0176,291,163000
Peru,1988,25000,1.18,0.00865,274,60300
Philippines,1988,37500,0.638,0.0201,205,92300
Poland,1988,445000,11.8,2.74,2090,584000
Portugal,1988,32600,3.29,0.219,102,47700
Qatar,1988,11900,26.8,0,9.99,21400
Romania,1988,212000,9.08,0.749,735,285000
Russia,1988,2420000,16.5,1.39,10100,3380000
Saudi Arabia,1988,202000,13.4,0,543,0
Singapore,1988,36000,12.5,0.00478,59.3,0
Slovak Republic,1988,58000,11.1,1.63,295,74900
South Africa,1988,343000,9.77,1.94,1550,0
South Korea,1988,222000,5.29,0.598,709,258000
Spain,1988,198000,5.06,0.401,894,268000
Sweden,1988,57500,6.79,0.355,112,79800
Switzerland,1988,40700,6.21,0.0523,28,54200
Thailand,1988,66300,1.21,0.0421,295,181000
Trinidad and Tobago,1988,15800,13.2,0,20.4,0
Turkey,1988,125000,2.4,0.258,686,199000
Turkmenistan,1988,44900,12.9,0.079,91.3,46000
Ukraine,1988,731000,14.2,1.39,1610,732000
United Arab Emirates,1988,48100,29.6,0,76.2,64800
United Kingdom,1988,571000,10,1.19,1910,788000
United States,1988,4890000,19.8,1.92,10300,6190000
Uzbekistan,1988,120000,6.19,0.135,326,98600
Venezuela,1988,116000,6.2,0.01,276,190000
Vietnam,1988,23000,0.354,0.0494,58,99100
Algeria,1989,79900,3.18,0.0333,108,110000
Argentina,1989,117000,3.64,0.032,192,266000
Australia,1989,278000,16.6,2.22,766,461000
Austria,1989,53700,6.99,0.484,47.1,74500
Azerbaijan,1989,55300,7.76,0.0129,97.5,64800
Bangladesh,1989,13400,0.133,0.00121,50.8,126000
Belarus,1989,120000,11.9,0.237,334,183000
Belgium,1989,107000,10.7,0.97,163,138000
Brazil,1989,212000,1.45,0.0734,1030,1480000
Bulgaria,1989,86500,9.72,1.11,1090,116000
Canada,1989,463000,17,1.05,1660,794000
Chile,1989,32000,2.45,0.166,1000,51200
China,1989,2390000,2.06,0.451,9790,3800000
Colombia,1989,52800,1.63,0.104,95.8,162000
Czech Republic,1989,172000,16.7,3.54,999,208000
Denmark,1989,48800,9.52,1.08,98.4,72000
Ecuador,1989,20200,2.02,0,52.4,30000
Egypt,1989,72000,1.31,0.0158,299,136000
Finland,1989,52500,10.5,1,122,72700
France,1989,393000,6.97,0.344,710,548000
Germany,1989,1010000,12.8,1.79,3080,1280000
Greece,1989,73300,7.22,0.781,266,94900
Hungary,1989,76000,7.3,0.61,551,106000
India,1989,577000,0.674,0.119,2130,1370000
Indonesia,1989,132000,0.739,0.0199,236,889000
Iran,1989,190000,3.47,0.013,523,240000
Ireland,1989,30100,8.57,1.01,81,63300
Israel,1989,31400,7.25,0.516,136,38400
Italy,1989,405000,7.1,0.252,927,518000
Japan,1989,1020000,8.24,0.607,438,1220000
Kazakhstan,1989,247000,15.1,2.52,1460,242000
Kuwait,1989,35800,17.1,0,309,62700
Lithuania,1989,34100,9.26,0.238,149,149000
Malaysia,1989,50100,2.86,0.0683,101,145000
Mexico,1989,361000,4.38,0.0406,1130,473000
Netherlands,1989,162000,10.9,0.551,102,223000
New Zealand,1989,25500,7.58,0.367,32.3,64200
Norway,1989,34500,8.16,0.205,28.8,66500
Pakistan,1989,60400,0.578,0.0187,297,168000
Peru,1989,21700,1.01,0.0094,313,57800
Philippines,1989,38900,0.645,0.0155,208,94600
Poland,1989,423000,11.2,2.61,1960,559000
Portugal,1989,40900,4.13,0.244,146,56700
Qatar,1989,14300,31,0,20.8,22300
Romania,1989,214000,9.11,0.746,759,279000
Russia,1989,2360000,16.1,1.34,9680,3390000
Saudi Arabia,1989,204000,13,0,545,0
Singapore,1989,41700,14.2,0.00422,61.9,0
Slovak Republic,1989,55400,10.5,1.57,287,73400
South Africa,1989,341000,9.49,1.77,1520,0
South Korea,1989,236000,5.56,0.576,756,270000
Spain,1989,225000,5.75,0.493,1060,289000
Sweden,1989,55600,6.53,0.333,80,77000
Switzerland,1989,39400,5.98,0.0537,24.5,54900
Thailand,1989,77800,1.4,0.0505,354,189000
Trinidad and Tobago,1989,16100,13.3,0,20.9,0
Turkey,1989,138000,2.6,0.285,859,212000
Turkmenistan,1989,43900,12.2,0.0898,86.2,46900
Ukraine,1989,714000,13.9,1.27,1540,730000
United Arab Emirates,1989,54200,31.4,0,74.1,71800
United Kingdom,1989,582000,10.2,1.14,1850,776000
United States,1989,4950000,19.8,1.92,10400,6220000
Uzbekistan,1989,118000,5.9,0.164,319,98900
Venezuela,1989,109000,5.67,0.0269,270,197000
Vietnam,1989,17300,0.261,0.0388,54.1,97300
Algeria,1990,76800,2.98,0.0254,112,106000
Argentina,1990,112000,3.43,0.0287,173,267000
Australia,1990,279000,16.4,2.24,818,482000
Austria,1990,62400,8.08,0.53,40,79800
Azerbaijan,1990,51700,7.14,0.0123,87,78100
Bangladesh,1990,14100,0.137,0.00265,49.9,127000
Belarus,1990,104000,10.3,0.208,319,185000
Belgium,1990,121000,12.1,1.06,178,138000
Brazil,1990,207000,1.39,0.0643,947,1610000
Bulgaria,1990,76600,8.66,0.986,1000,108000
Canada,1990,463000,16.8,0.98,1630,609000
Chile,1990,32900,2.48,0.197,998,54700
China,1990,2420000,2.06,0.45,9520,3890000
Colombia,1990,56900,1.72,0.0466,96.7,174000
Czech Republic,1990,164000,15.9,3.04,938,196000
Denmark,1990,53600,10.4,1.18,88,72500
Ecuador,1990,16700,1.63,0,55.9,30900
Egypt,1990,75300,1.34,0.0132,302,139000
Finland,1990,57000,11.4,1.05,119,75600
France,1990,401000,7.08,0.333,663,555000
Germany,1990,1050000,13.3,1.66,2660,1260000
Greece,1990,83400,8.16,0.787,246,96700
Hungary,1990,73500,7.08,0.6,505,97600
India,1990,617000,0.707,0.126,2220,1390000
Indonesia,1990,150000,0.829,0.0189,281,1170000
Iran,1990,209000,3.72,0.0126,578,284000
Ireland,1990,32900,9.38,0.97,91.5,65600
Israel,1990,35900,8.06,0.527,140,39600
Italy,1990,440000,7.71,0.246,887,509000
Japan,1990,1160000,9.31,0.627,488,1300000
Kazakhstan,1990,267000,16.3,2.34,1300,372000
Kuwait,1990,37800,18.1,0,65.2,0
Lithuania,1990,35800,9.69,0.216,111,54300
Malaysia,1990,56900,3.16,0.0735,128,199000
Mexico,1990,317000,3.78,0.0395,1160,494000
Netherlands,1990,163000,10.9,0.584,102,224000
New Zealand,1990,25500,7.5,0.353,30.5,65700
Norway,1990,35400,8.32,0.191,26,67500
Pakistan,1990,67900,0.631,0.0192,342,173000
Peru,1990,21000,0.95,0.00664,280,59500
Philippines,1990,41400,0.669,0.0173,206,96400
Poland,1990,377000,9.94,2.07,1610,474000
Portugal,1990,45700,4.62,0.286,161,58200
Qatar,1990,11800,24.7,0,12.8,22000
Romania,1990,170000,7.22,0.542,656,247000
Russia,1990,2530000,17.1,1.24,8780,3590000
Saudi Arabia,1990,186000,11.4,0,568,0
Singapore,1990,44300,14.7,0.00712,95.4,0
Slovak Republic,1990,61600,11.7,1.48,271,72300
South Africa,1990,313000,8.51,1.79,1520,349000
South Korea,1990,248000,5.77,0.568,853,301000
Spain,1990,231000,5.9,0.489,1090,293000
Sweden,1990,57500,6.71,0.347,53,77200
Switzerland,1990,44200,6.64,0.0533,22.5,56400
Thailand,1990,89400,1.58,0.0689,482,208000
Trinidad and Tobago,1990,17000,13.9,0,19.2,0
Turkey,1990,152000,2.81,0.297,797,224000
Turkmenistan,1990,41100,11.1,0.0999,83.1,81300
Ukraine,1990,706000,13.7,1.46,1890,953000
United Arab Emirates,1990,51700,28.3,0,77.2,72500
United Kingdom,1990,601000,10.5,1.14,1860,777000
United States,1990,5130000,20.3,1.91,10500,6140000
Uzbekistan,1990,110000,5.39,0.16,285,169000
Venezuela,1990,122000,6.21,0.0233,264,210000
Vietnam,1990,21200,0.312,0.0326,56.5,99100
Algeria,1991,78900,2.99,0.0256,122,112000
Argentina,1991,117000,3.54,0.0221,169,267000
Australia,1991,280000,16.3,2.26,839,499000
Austria,1991,66000,8.49,0.553,38.5,83300
Azerbaijan,1991,51000,6.93,0.00911,95.8,79000
Bangladesh,1991,14800,0.14,0.00083,51.5,127000
Belarus,1991,97100,9.56,0.197,326,182000
Belgium,1991,124000,12.3,1,177,143000
Brazil,1991,217000,1.43,0.0724,942,1570000
Bulgaria,1991,61200,6.98,0.878,833,85700
Canada,1991,453000,16.2,0.937,1810,626000
Chile,1991,31200,2.31,0.159,984,52900
China,1991,2540000,2.13,0.465,9200,4040000
Colombia,1991,56700,1.68,0.0575,103,172000
Czech Republic,1991,149000,14.4,2.79,888,178000
Denmark,1991,64200,12.5,1.6,118,83000
Ecuador,1991,16400,1.57,0,60.5,32000
Egypt,1991,77400,1.35,0.0133,298,142000
Finland,1991,55300,11,1.05,97,75500
France,1991,427000,7.5,0.353,722,581000
Germany,1991,1020000,12.8,1.45,2000,1220000
Greece,1991,83400,8.09,0.751,267,95700
Hungary,1991,69800,6.74,0.584,457,90200
India,1991,657000,0.737,0.131,2340,1440000
Indonesia,1991,181000,0.979,0.0188,311,2210000
Iran,1991,226000,3.92,0.0177,586,310000
Ireland,1991,33600,9.57,0.929,90,66000
Israel,1991,36200,7.88,0.553,152,40300
Italy,1991,440000,7.7,0.242,828,506000
Japan,1991,1170000,9.37,0.62,485,1320000
Kazakhstan,1991,257000,15.7,2.29,1230,363000
Kuwait,1991,14900,7.35,0,4660,47200
Lithuania,1991,37900,10.3,0.241,117,56200
Malaysia,1991,68300,3.69,0.0843,116,200000
Mexico,1991,330000,3.86,0.0375,1130,505000
Netherlands,1991,171000,11.3,0.534,86.5,232000
New Zealand,1991,26100,7.59,0.331,30,65400
Norway,1991,33800,7.93,0.169,22,64300
Pakistan,1991,67500,0.61,0.0185,343,176000
Peru,1991,20200,0.896,0.0126,316,57300
Philippines,1991,43500,0.686,0.0189,209,96200
Poland,1991,375000,9.84,2.04,1580,460000
Portugal,1991,47300,4.77,0.299,154,60300
Qatar,1991,17700,36.2,0,12.8,23300
Romania,1991,140000,5.97,0.437,521,205000
Russia,1991,2400000,16.2,1.13,8080,3390000
Saudi Arabia,1991,268000,16,0,500,0
Singapore,1991,45100,14.5,0.0041,99.7,0
Slovak Republic,1991,53400,10.1,1.31,223,63400
South Africa,1991,326000,8.65,1.72,1550,343000
South Korea,1991,262000,6.05,0.566,738,329000
Spain,1991,241000,6.13,0.508,1080,301000
Sweden,1991,57700,6.69,0.315,49.5,78800
Switzerland,1991,46200,6.87,0.0448,20.5,57900
Thailand,1991,98300,1.72,0.0798,552,220000
Trinidad and Tobago,1991,17000,13.8,0,20.5,0
Turkey,1991,158000,2.88,0.312,808,227000
Turkmenistan,1991,35600,9.39,0.085,72.6,74800
Ukraine,1991,633000,12.3,1.21,1270,885000
United Arab Emirates,1991,56700,29.3,0,76.7,80000
United Kingdom,1991,609000,10.6,1.13,1770,783000
United States,1991,5080000,19.9,1.88,10200,6070000
Uzbekistan,1991,113000,5.4,0.149,196,172000
Venezuela,1991,115000,5.73,0,283,208000
Vietnam,1991,21300,0.306,0.0308,57,101000
Algeria,1992,79900,2.96,0.0297,130,122000
Argentina,1992,121000,3.61,0.0193,175,272000
Australia,1992,285000,16.4,2.24,889,487000
Austria,1992,60500,7.72,0.427,30.5,79200
Azerbaijan,1992,56200,7.52,0.00161,105,0
Bangladesh,1992,15400,0.143,0.00076,54.6,129000
Belarus,1992,90100,8.87,0.164,229,170000
Belgium,1992,123000,12.2,0.914,174,141000
Brazil,1992,219000,1.42,0.0691,972,1650000
Bulgaria,1992,57000,6.57,0.871,558,80500
Canada,1992,467000,16.5,0.943,1570,619000
Chile,1992,32200,2.35,0.135,1100,55400
China,1992,2660000,2.2,0.481,8870,4170000
Colombia,1992,61500,1.79,0.0945,105,178000
Czech Republic,1992,145000,14,2.49,769,167000
Denmark,1992,58400,11.3,1.33,90,76800
Ecuador,1992,22200,2.07,0,64.2,33100
Egypt,1992,80000,1.36,0.0133,281,148000
Finland,1992,54300,10.8,0.949,70.5,71800
France,1992,416000,7.28,0.31,631,564000
Germany,1992,967000,12.1,1.3,1650,1160000
Greece,1992,85000,8.16,0.782,272,96900
Hungary,1992,62500,6.03,0.505,414,79800
India,1992,699000,0.769,0.137,2430,1490000
Indonesia,1992,204000,1.09,0.0225,316,2100000
Iran,1992,227000,3.86,0.0153,549,329000
Ireland,1992,33500,9.48,0.881,85,65900
Israel,1992,42100,8.86,0.657,160,43000
Italy,1992,438000,7.66,0.214,779,504000
Japan,1992,1180000,9.42,0.607,465,1330000
Kazakhstan,1992,233000,14.3,2.31,1260,366000
Kuwait,1992,29700,15.5,0,61.5,37600
Lithuania,1992,21200,5.75,0.113,69.5,38100
Malaysia,1992,74400,3.92,0.0863,110,254000
Mexico,1992,333000,3.82,0.0372,1120,495000
Netherlands,1992,171000,11.3,0.529,83.5,231000
New Zealand,1992,28100,8.03,0.359,32.5,67100
Norway,1992,34800,8.1,0.169,18,64300
Pakistan,1992,72100,0.633,0.0185,378,185000
Peru,1992,20300,0.885,0.0121,333,59400
Philippines,1992,48300,0.743,0.0184,215,102000
Poland,1992,365000,9.55,1.97,1410,453000
Portugal,1992,51600,5.18,0.302,187,64300
Qatar,1992,27000,54.5,0,13.6,0
Romania,1992,131000,5.6,0.46,476,186000
Russia,1992,1960000,13.2,1.06,7130,3130000
Saudi Arabia,1992,285000,16.5,0,513,0
Singapore,1992,48300,15.1,0.00579,102,0
Slovak Republic,1992,49000,9.2,1.16,190,59300
South Africa,1992,302000,7.8,1.69,1410,354000
South Korea,1992,282000,6.44,0.539,671,355000
Spain,1992,250000,6.33,0.516,1070,308000
Sweden,1992,57400,6.61,0.295,46.5,79800
Switzerland,1992,46100,6.78,0.0307,18,57500
Thailand,1992,108000,1.87,0.0845,600,238000
Trinidad and Tobago,1992,19100,15.5,0,20.4,0
Turkey,1992,164000,2.94,0.306,807,238000
Turkmenistan,1992,32000,8.21,0.0354,84,56300
Ukraine,1992,590000,11.5,1.25,1190,804000
United Arab Emirates,1992,57800,28.2,0,73,78800
United Kingdom,1992,594000,10.3,1.06,1730,761000
United States,1992,5180000,20.2,1.87,10000,6140000
Uzbekistan,1992,111000,5.2,0.0944,164,163000
Venezuela,1992,106000,5.14,0.00018,278,213000
Vietnam,1992,21300,0.301,0.0303,67.5,105000
Algeria,1993,82000,2.97,0.0237,135,122000
Argentina,1993,118000,3.46,0.0225,169,277000
Australia,1993,289000,16.4,2.23,915,479000
Austria,1993,60900,7.71,0.381,29.5,79400
Azerbaijan,1993,48400,6.39,0.0004,101,52500
Bangladesh,1993,16100,0.146,0.00028,62.3,129000
Belarus,1993,77700,7.66,0.142,191,153000
Belgium,1993,122000,12,0.839,161,139000
Brazil,1993,229000,1.46,0.07,1020,1770000
Bulgaria,1993,57600,6.72,0.949,713,78800
Canada,1993,467000,16.4,0.827,1300,656000
Chile,1993,34300,2.46,0.134,1020,58400
China,1993,2840000,2.33,0.507,9300,4400000
Colombia,1993,63400,1.81,0.0974,112,189000
Czech Republic,1993,139000,13.4,2.38,710,158000
Denmark,1993,60700,11.7,1.39,72.5,79300
Ecuador,1993,24100,2.2,0,57.8,33600
Egypt,1993,92400,1.54,0.0157,295,151000
Finland,1993,56400,11.1,1.08,61,73500
France,1993,396000,6.9,0.252,547,541000
Germany,1993,957000,11.9,1.22,1470,1150000
Greece,1993,84300,8,0.773,272,96300
Hungary,1993,63600,6.14,0.469,379,79300
India,1993,723000,0.78,0.139,2520,1520000
Indonesia,1993,220000,1.15,0.0258,344,1400000
Iran,1993,236000,3.95,0.0186,596,328000
Ireland,1993,33700,9.5,0.852,80.5,66300
Israel,1993,44300,8.98,0.716,167,46700
Italy,1993,431000,7.53,0.186,727,496000
Japan,1993,1170000,9.34,0.617,444,1330000
Kazakhstan,1993,205000,12.7,2.11,1180,327000
Kuwait,1993,49200,27.7,0,80.8,46200
Lithuania,1993,16300,4.45,0.101,62.5,31700
Malaysia,1993,90800,4.66,0.0703,123,236000
Mexico,1993,338000,3.82,0.0411,1090,502000
Netherlands,1993,171000,11.2,0.53,80,234000
New Zealand,1993,27700,7.78,0.348,33.5,66900
Norway,1993,36300,8.4,0.182,17.5,67300
Pakistan,1993,77200,0.66,0.0189,401,195000
Peru,1993,23500,1,0.0125,359,62900
Philippines,1993,49000,0.735,0.0182,231,106000
Poland,1993,365000,9.54,1.94,1360,449000
Portugal,1993,50200,5.02,0.327,160,63300
Qatar,1993,31000,61.8,0,13.4,0
Romania,1993,123000,5.29,0.436,464,175000
Russia,1993,1860000,12.5,0.955,6260,3010000
Saudi Arabia,1993,314000,17.7,0,450,0
Singapore,1993,50900,15.4,0.00623,114,0
Slovak Republic,1993,46500,8.69,1.14,163,56000
South Africa,1993,321000,8.1,1.65,1530,348000
South Korea,1993,322000,7.27,0.584,661,385000
Spain,1993,241000,6.1,0.463,1010,294000
Sweden,1993,57400,6.56,0.312,43.5,79900
Switzerland,1993,43600,6.35,0.0254,14.5,54900
Thailand,1993,121000,2.08,0.0933,579,246000
Trinidad and Tobago,1993,17900,14.4,0,17.9,0
Turkey,1993,171000,3.02,0.279,804,245000
Turkmenistan,1993,27500,6.87,0,51.7,57800
Ukraine,1993,511000,9.95,1.1,1100,712000
United Arab Emirates,1993,65600,30.2,0,69,81300
United Kingdom,1993,580000,10.1,0.924,1560,734000
United States,1993,5290000,20.4,1.92,9880,6280000
Uzbekistan,1993,116000,5.3,0.0629,156,163000
Venezuela,1993,124000,5.9,0.00134,267,225000
Vietnam,1993,22700,0.314,0.0287,67.1,109000
Algeria,1994,86200,3.06,0.0219,135,119000
Argentina,1994,122000,3.55,0.0314,174,271000
Australia,1994,294000,16.5,2.25,950,522000
Austria,1994,61200,7.71,0.384,26.5,79800
Azerbaijan,1994,42000,5.46,0.00052,107,48500
Bangladesh,1994,17600,0.156,0.00025,65.8,131000
Belarus,1994,64400,6.37,0.0994,162,140000
Belgium,1994,125000,12.3,0.883,141,144000
Brazil,1994,240000,1.5,0.0707,1030,1460000
Bulgaria,1994,56000,6.61,0.894,740,76800
Canada,1994,482000,16.7,0.868,1260,807000
Chile,1994,37800,2.67,0.156,1060,62300
China,1994,3010000,2.45,0.535,9200,4610000
Colombia,1994,66800,1.87,0.11,108,170000
Czech Republic,1994,132000,12.8,2.2,635,151000
Denmark,1994,64700,12.4,1.49,72.5,82900
Ecuador,1994,13500,1.21,0,63,36600
Egypt,1994,84600,1.39,0.0166,284,147000
Finland,1994,61800,12.1,1.31,57.5,80800
France,1994,391000,6.79,0.247,521,538000
Germany,1994,941000,11.6,1.18,1240,1140000
Greece,1994,86500,8.12,0.793,256,97400
Hungary,1994,61900,5.98,0.457,371,78500
India,1994,765000,0.809,0.14,2650,1580000
Indonesia,1994,223000,1.15,0.0254,324,2160000
Iran,1994,264000,4.35,0.0185,630,364000
Ireland,1994,34800,9.76,0.811,87.5,67800
Israel,1994,47500,9.31,0.732,176,50100
Italy,1994,425000,7.43,0.198,680,493000
Japan,1994,1230000,9.75,0.645,472,1390000
Kazakhstan,1994,171000,10.7,2.09,1090,289000
Kuwait,1994,55300,33.3,0,121,54800
Lithuania,1994,15800,4.32,0.0842,58.5,30200
Malaysia,1994,93100,4.66,0.0762,126,228000
Mexico,1994,352000,3.9,0.0487,1250,520000
Netherlands,1994,172000,11.2,0.561,73,234000
New Zealand,1994,27900,7.7,0.323,34,68100
Norway,1994,38100,8.78,0.204,17.5,70000
Pakistan,1994,84100,0.699,0.0183,447,201000
Peru,1994,23100,0.97,0.0151,368,57500
Philippines,1994,54200,0.794,0.0172,232,117000
Poland,1994,361000,9.4,1.8,1300,449000
Portugal,1994,50900,5.07,0.339,149,64500
Qatar,1994,30700,60.6,0,13,0
Romania,1994,122000,5.28,0.451,456,171000
Russia,1994,1640000,11.1,0.835,5300,2710000
Saudi Arabia,1994,308000,16.9,0,406,0
Singapore,1994,61400,18,0.00725,117,0
Slovak Republic,1994,43900,8.18,1.02,120,54000
South Africa,1994,339000,8.36,1.67,1560,356000
South Korea,1994,345000,7.69,0.596,627,418000
Spain,1994,254000,6.4,0.476,982,306000
Sweden,1994,59800,6.8,0.334,43.5,82400
Switzerland,1994,42700,6.16,0.0255,15,54800
Thailand,1994,135000,2.29,0.107,558,260000
Trinidad and Tobago,1994,17400,13.9,0,16,0
Turkey,1994,168000,2.91,0.275,827,241000
Turkmenistan,1994,33500,8.13,0.00122,38.2,55800
Ukraine,1994,420000,8.2,0.911,858,607000
United Arab Emirates,1994,72700,31.7,0,70.3,88000
United Kingdom,1994,576000,9.97,0.86,1340,729000
United States,1994,5380000,20.5,1.91,9690,6370000
Uzbekistan,1994,108000,4.84,0.0628,138,157000
Venezuela,1994,130000,6.04,0.00255,304,212000
Vietnam,1994,26000,0.354,0.0311,68.2,114000
Algeria,1995,95100,3.31,0.0215,145,124000
Argentina,1995,128000,3.67,0.0278,165,275000
Australia,1995,306000,17,2.3,898,489000
Austria,1995,64300,8.05,0.434,26,82500
Azerbaijan,1995,33300,4.29,0.00039,131,42500
Bangladesh,1995,21100,0.183,0.0027,69.7,137000
Belarus,1995,58000,5.76,0.0939,138,130000
Belgium,1995,126000,12.4,0.849,128,147000
Brazil,1995,256000,1.58,0.073,1030,1570000
Bulgaria,1995,57600,6.88,0.91,738,81800
Canada,1995,495000,17,0.898,1310,836000
Chile,1995,41100,2.86,0.166,1310,66400
China,1995,3270000,2.63,0.537,9460,5040000
Colombia,1995,58800,1.62,0.0964,115,179000
Czech Republic,1995,132000,12.7,2.19,546,151000
Denmark,1995,61600,11.8,1.24,68,79500
Ecuador,1995,22700,1.98,0,63.5,39000
Egypt,1995,95000,1.52,0.0109,272,156000
Finland,1995,58200,11.4,1.15,48.5,77400
France,1995,398000,6.88,0.252,489,543000
Germany,1995,940000,11.6,1.12,969,1130000
Greece,1995,87000,8.1,0.778,268,99300
Hungary,1995,61700,5.96,0.447,353,77400
India,1995,812000,0.843,0.146,2810,1650000
Indonesia,1995,227000,1.15,0.0275,342,1320000
Iran,1995,271000,4.42,0.017,617,370000
Ireland,1995,35800,9.98,0.811,80.5,68400
Israel,1995,49900,9.47,0.774,185,53300
Italy,1995,452000,7.9,0.214,644,518000
Japan,1995,1240000,9.82,0.667,458,1420000
Kazakhstan,1995,163000,10.3,1.7,1060,247000
Kuwait,1995,54600,34,0,119,57200
Lithuania,1995,15000,4.14,0.0677,47,29200
Malaysia,1995,120000,5.86,0.0814,133,252000
Mexico,1995,332000,3.62,0.0533,1100,516000
Netherlands,1995,173000,11.2,0.576,71,235000
New Zealand,1995,28000,7.63,0.33,35,69600
Norway,1995,38700,8.87,0.221,16.5,70600
Pakistan,1995,83700,0.676,0.018,454,209000
Peru,1995,23700,0.975,0.0155,362,63400
Philippines,1995,60000,0.86,0.0202,238,126000
Poland,1995,363000,9.43,1.83,1190,459000
Portugal,1995,54900,5.44,0.414,167,69200
Qatar,1995,31700,61.8,0,13.2,0
Romania,1995,127000,5.53,0.47,456,177000
Russia,1995,1610000,10.9,0.805,4890,2650000
Saudi Arabia,1995,235000,12.6,0,359,262000
Singapore,1995,41900,11.9,0.00329,115,0
Slovak Republic,1995,44300,8.24,1,120,53800
South Africa,1995,362000,8.74,1.7,1620,371000
South Korea,1995,374000,8.26,0.621,610,454000
Spain,1995,267000,6.72,0.475,904,319000
Sweden,1995,59200,6.7,0.326,38.5,82200
Switzerland,1995,43400,6.21,0.0271,14.5,54600
Thailand,1995,157000,2.64,0.121,625,282000
Trinidad and Tobago,1995,17000,13.5,0,14.9,0
Turkey,1995,181000,3.1,0.283,886,261000
Turkmenistan,1995,34000,8.07,0.00119,32.6,55200
Ukraine,1995,390000,7.67,0.834,820,598000
United Arab Emirates,1995,70100,29,0,68.1,93900
United Kingdom,1995,567000,9.79,0.819,1180,728000
United States,1995,5440000,20.5,1.91,8450,6370000
Uzbekistan,1995,103000,4.53,0.0372,120,145000
Venezuela,1995,133000,6.06,0.00023,295,228000
Vietnam,1995,28500,0.381,0.0412,66.5,121000
Algeria,1996,96900,3.31,0.00993,143,124000
Argentina,1996,135000,3.82,0.0258,174,288000
Australia,1996,313000,17.2,2.37,927,509000
Austria,1996,67700,8.45,0.434,24.5,85600
Azerbaijan,1996,31300,3.98,0.00038,145,39000
Bangladesh,1996,21500,0.183,0.00145,74.1,139000
Belarus,1996,59300,5.9,0.114,123,131000
Belgium,1996,130000,12.7,0.809,127,153000
Brazil,1996,281000,1.71,0.0741,1050,1610000
Bulgaria,1996,58000,7,0.932,710,82900
Canada,1996,510000,17.3,0.907,1260,699000
Chile,1996,47700,3.27,0.227,1510,73600
China,1996,3410000,2.73,0.557,9120,5180000
Colombia,1996,59800,1.61,0.0735,118,183000
Czech Republic,1996,135000,13,2.18,473,155000
Denmark,1996,74900,14.3,1.7,86,92900
Ecuador,1996,24000,2.05,0,72.8,41300
Egypt,1996,93600,1.47,0.0147,271,159000
Finland,1996,64100,12.5,1.37,52.5,84000
France,1996,413000,7.13,0.267,477,573000
Germany,1996,960000,11.8,1.11,670,1150000
Greece,1996,89200,8.23,0.73,261,102000
Hungary,1996,63200,6.12,0.459,337,80700
India,1996,880000,0.895,0.147,3050,1710000
Indonesia,1996,255000,1.28,0.0323,367,1310000
Iran,1996,274000,4.4,0.0175,598,386000
Ireland,1996,37500,10.3,0.811,73.5,70200
Israel,1996,52000,9.58,0.912,193,56500
Italy,1996,445000,7.79,0.196,614,507000
Japan,1996,1250000,9.89,0.683,439,1420000
Kazakhstan,1996,149000,9.54,1.54,1110,272000
Kuwait,1996,50000,30.7,0,104,56800
Lithuania,1996,15700,4.35,0.0626,46.5,30200
Malaysia,1996,124000,5.9,0.0798,147,240000
Mexico,1996,346000,3.72,0.06,1150,533000
Netherlands,1996,183000,11.7,0.552,68,244000
New Zealand,1996,29300,7.89,0.316,36,70600
Norway,1996,41900,9.53,0.219,16.5,72000
Pakistan,1996,93600,0.735,0.0178,514,220000
Peru,1996,24200,0.978,0.016,361,66900
Philippines,1996,61300,0.859,0.0276,303,134000
Poland,1996,377000,9.78,1.87,1180,436000
Portugal,1996,52200,5.15,0.385,136,67600
Qatar,1996,32200,61.7,0,14.5,0
Romania,1996,130000,5.71,0.471,456,182000
Russia,1996,1580000,10.7,0.791,4640,2720000
Saudi Arabia,1996,258000,13.6,0,348,276000
Singapore,1996,49400,13.6,8.00E-05,98.4,0
Slovak Republic,1996,44200,8.2,0.992,114,54900
South Africa,1996,364000,8.62,1.69,1590,384000
South Korea,1996,402000,8.78,0.705,602,487000
Spain,1996,255000,6.39,0.401,791,310000
Sweden,1996,63200,7.13,0.342,40.5,87900
Switzerland,1996,44100,6.27,0.0202,14,54900
Thailand,1996,174000,2.89,0.145,669,296000
Trinidad and Tobago,1996,20500,16.3,0,14.1,0
Turkey,1996,200000,3.36,0.313,921,278000
Turkmenistan,1996,30600,7.14,0.0107,27.2,51100
Ukraine,1996,352000,6.95,0.661,647,534000
United Arab Emirates,1996,72800,28.7,0,67.5,103000
United Kingdom,1996,589000,10.1,0.763,1010,744000
United States,1996,5630000,21,1.97,8350,6580000
Uzbekistan,1996,106000,4.57,0.0339,125,147000
Venezuela,1996,122000,5.47,0.00071,332,240000
Vietnam,1996,34100,0.448,0.0453,111,127000
Algeria,1997,87100,2.93,0.0171,160,124000
Argentina,1997,138000,3.86,0.0236,192,300000
Australia,1997,321000,17.5,2.47,921,921000
Austria,1997,67500,8.41,0.46,22.5,84700
Azerbaijan,1997,29800,3.76,0.00038,149,37700
Bangladesh,1997,23100,0.193,0.00261,72.3,140000
Belarus,1997,62600,6.25,0.121,104,131000
Belgium,1997,124000,12.1,0.781,113,150000
Brazil,1997,297000,1.78,0.0734,1090,1650000
Bulgaria,1997,55600,6.78,0.954,683,78500
Canada,1997,525000,17.6,0.94,1260,690000
Chile,1997,55500,3.75,0.291,1790,82400
China,1997,3420000,2.71,0.542,11700,5110000
Colombia,1997,64500,1.71,0.0858,121,188000
Czech Republic,1997,131000,12.7,2.24,351,149000
Denmark,1997,65500,12.4,1.26,49,83200
Ecuador,1997,18200,1.52,0,73.6,41400
Egypt,1997,108000,1.66,0.0122,260,165000
Finland,1997,62800,12.2,1.29,49.5,82100
France,1997,406000,6.98,0.233,403,565000
Germany,1997,933000,11.5,1.07,520,1120000
Greece,1997,93900,8.61,0.779,258,106000
Hungary,1997,61800,6,0.446,330,78800
India,1997,916000,0.915,0.151,3140,1760000
Indonesia,1997,281000,1.39,0.0393,495,5040000
Iran,1997,267000,4.23,0.0176,542,403000
Ireland,1997,38800,10.6,0.765,83,71600
Israel,1997,54900,9.86,0.967,199,58600
Italy,1997,449000,7.89,0.198,576,508000
Japan,1997,1250000,9.82,0.7,438,1410000
Kazakhstan,1997,140000,9.1,1.34,1200,207000
Kuwait,1997,54700,32,0,103,59700
Lithuania,1997,15100,4.21,0.0509,38.5,29900
Malaysia,1997,124000,5.74,0.0752,156,246000
Mexico,1997,369000,3.9,0.0591,1260,539000
Netherlands,1997,175000,11.2,0.534,59,236000
New Zealand,1997,31300,8.35,0.337,29.5,73500
Norway,1997,42000,9.49,0.216,15,74600
Pakistan,1997,93900,0.716,0.0162,506,226000
Peru,1997,27300,1.08,0.0164,415,67200
Philippines,1997,70100,0.96,0.0334,330,141000
Poland,1997,368000,9.55,1.82,1090,434000
Portugal,1997,55200,5.43,0.348,147,70800
Qatar,1997,37400,69.9,0,15.1,0
Romania,1997,123000,5.44,0.429,456,167000
Russia,1997,1480000,9.99,0.731,4190,2460000
Saudi Arabia,1997,216000,11.1,0,285,281000
Singapore,1997,58100,15.5,0,104,0
Slovak Republic,1997,44300,8.22,0.944,101,54900
South Africa,1997,386000,8.98,1.7,1650,403000
South Korea,1997,428000,9.27,0.752,640,514000
Spain,1997,267000,6.68,0.457,870,330000
Sweden,1997,58100,6.55,0.296,38,81600
Switzerland,1997,43100,6.09,0.0155,13,53600
Thailand,1997,179000,2.95,0.148,661,301000
Trinidad and Tobago,1997,18300,14.6,0,12.5,0
Turkey,1997,212000,3.51,0.344,1010,290000
Turkmenistan,1997,30600,7.02,0,20.9,45900
Ukraine,1997,341000,6.79,0.762,566,515000
United Arab Emirates,1997,73200,27.4,0,64.3,102000
United Kingdom,1997,563000,9.65,0.678,835,716000
United States,1997,5710000,21,1.99,8550,6720000
Uzbekistan,1997,107000,4.53,0.0347,118,151000
Venezuela,1997,134000,5.85,0.00148,320,250000
Vietnam,1997,44300,0.575,0.0574,137,134000
Algeria,1998,107000,3.53,0.0181,171,127000
Argentina,1998,139000,3.87,0.0202,197,312000
Australia,1998,335000,18,2.55,914,921000
Austria,1998,67100,8.35,0.405,20.5,85700
Azerbaijan,1998,31700,3.97,0,164,40000
Bangladesh,1998,23200,0.189,0.00074,63.5,129000
Belarus,1998,59500,5.96,0.108,95,87300
Belgium,1998,130000,12.7,0.786,107,152000
Brazil,1998,309000,1.82,0.0708,1110,2260000
Bulgaria,1998,53200,6.54,0.922,626,71900
Canada,1998,534000,17.8,0.996,1270,1130000
Chile,1998,56900,3.8,0.271,1870,91600
China,1998,3270000,2.57,0.534,10500,5140000
Colombia,1998,65200,1.7,0.0803,125,165000
Czech Republic,1998,125000,12.1,2.06,222,147000
Denmark,1998,61300,11.6,1.06,36,76200
Ecuador,1998,22300,1.83,0,74.3,40700
Egypt,1998,122000,1.84,0.0118,253,171000
Finland,1998,59400,11.5,1.06,44.5,77900
France,1998,426000,7.29,0.276,412,578000
Germany,1998,925000,11.4,1.05,418,1060000
Greece,1998,98700,9,0.809,262,114000
Hungary,1998,61400,5.97,0.416,296,77900
India,1998,934000,0.916,0.154,2930,1770000
Indonesia,1998,216000,1.05,0.0416,457,1190000
Iran,1998,306000,4.79,0.0202,541,411000
Ireland,1998,40700,11,0.762,88,65400
Israel,1998,56100,9.84,1.01,204,59600
Italy,1998,460000,8.11,0.206,508,519000
Japan,1998,1210000,9.49,0.666,427,1370000
Kazakhstan,1998,135000,8.9,1.34,1230,218000
Kuwait,1998,51600,28.2,0,92.5,63900
Lithuania,1998,15900,4.47,0.0447,47,25400
Malaysia,1998,114000,5.17,0.0783,129,259000
Mexico,1998,389000,4.05,0.0595,1400,692000
Netherlands,1998,177000,11.2,0.542,55,227000
New Zealand,1998,29900,7.91,0.304,29.5,69500
Norway,1998,42200,9.5,0.233,15,74600
Pakistan,1998,96800,0.718,0.0158,557,234000
Peru,1998,27600,1.08,0.0177,456,70300
Philippines,1998,68300,0.915,0.033,290,163000
Poland,1998,339000,8.79,1.64,949,389000
Portugal,1998,59700,5.85,0.347,171,83100
Qatar,1998,32300,58.6,0,17,38700
Romania,1998,108000,4.79,0.359,456,147000
Russia,1998,1460000,9.9,0.686,4040,3460000
Saudi Arabia,1998,207000,10.5,0,241,293000
Singapore,1998,48400,12.5,0,98.9,0
Slovak Republic,1998,44000,8.16,0.869,89.5,53000
South Africa,1998,378000,8.64,1.62,1560,458000
South Korea,1998,364000,7.8,0.774,524,450000
Spain,1998,276000,6.86,0.434,804,344000
Sweden,1998,58700,6.62,0.287,36.5,83300
Switzerland,1998,44600,6.3,0.0128,12,54400
Thailand,1998,159000,2.59,0.117,528,400000
Trinidad and Tobago,1998,19100,15.1,0,16.2,21200
Turkey,1998,212000,3.46,0.352,1000,296000
Turkmenistan,1998,32100,7.26,0,20.9,45800
Ukraine,1998,329000,6.61,0.745,512,485000
United Arab Emirates,1998,80700,28.7,0,63.3,105000
United Kingdom,1998,568000,9.71,0.659,804,705000
United States,1998,5750000,20.9,1.98,8600,6750000
Uzbekistan,1998,119000,4.95,0.0342,125,166000
Venezuela,1998,167000,7.17,0.00152,321,286000
Vietnam,1998,46600,0.596,0.0607,111,187000
Algeria,1999,91700,3,0.0191,193,133000
Argentina,1999,147000,4.02,0.0201,206,334000
Australia,1999,344000,18.3,2.53,963,1190000
Austria,1999,65800,8.17,0.401,19,83900
Azerbaijan,1999,28600,3.55,0,181,40500
Bangladesh,1999,25100,0.2,0.00036,57.7,138000
Belarus,1999,57000,5.75,0.1,81.8,87500
Belgium,1999,125000,12.2,0.688,88,147000
Brazil,1999,317000,1.84,0.0706,1130,1600000
Bulgaria,1999,46300,5.74,0.804,472,65900
Canada,1999,549000,18.1,0.949,1250,822000
Chile,1999,61000,4.02,0.276,2140,97100
China,1999,3260000,2.54,0.546,9290,5080000
Colombia,1999,54800,1.41,0.0632,117,150000
Czech Republic,1999,117000,11.3,1.79,134,142000
Denmark,1999,58700,11,0.889,26.5,72900
Ecuador,1999,21400,1.72,0,86.7,37400
Egypt,1999,125000,1.85,0.0105,242,178000
Finland,1999,58900,11.4,1.02,42.5,76500
France,1999,422000,7.19,0.246,353,564000
Germany,1999,897000,11,1.01,368,1020000
Greece,1999,98000,8.89,0.772,269,110000
Hungary,1999,61900,6.04,0.406,295,78200
India,1999,996000,0.96,0.149,2780,1960000
Indonesia,1999,244000,1.17,0.0565,427,669000
Iran,1999,380000,5.86,0.0188,502,426000
Ireland,1999,42400,11.4,0.648,78.5,66600
Israel,1999,54800,9.41,0.974,210,61000
Italy,1999,465000,8.2,0.206,461,521000
Japan,1999,1240000,9.76,0.7,405,1400000
Kazakhstan,1999,108000,7.2,1.26,1350,183000
Kuwait,1999,53900,27.6,0,88.8,65100
Lithuania,1999,13400,3.8,0.0384,35,22700
Malaysia,1999,108000,4.78,0.0856,113,160000
Mexico,1999,391000,4.01,0.0596,1310,554000
Netherlands,1999,171000,10.8,0.472,52.5,219000
New Zealand,1999,31500,8.25,0.309,30,71800
Norway,1999,43000,9.61,0.217,14,76300
Pakistan,1999,99500,0.718,0.0155,605,247000
Peru,1999,29200,1.12,0.0159,446,64300
Philippines,1999,68200,0.894,0.0379,317,141000
Poland,1999,329000,8.53,1.57,860,381000
Portugal,1999,67400,6.57,0.359,172,84700
Qatar,1999,31300,54.9,0,17.5,43700
Romania,1999,90800,4.07,0.308,456,130000
Russia,1999,1490000,10.1,0.694,4090,2510000
Saudi Arabia,1999,226000,11.2,0,221,296000
Singapore,1999,49900,12.6,0,83.8,0
Slovak Republic,1999,43200,8,0.844,85.5,52300
South Africa,1999,375000,8.46,1.67,1570,431000
South Korea,1999,399000,8.48,0.813,458,490000
Spain,1999,299000,7.4,0.484,820,364000
Sweden,1999,55900,6.3,0.275,29.5,81500
Switzerland,1999,44500,6.25,0.0132,10,54300
Thailand,1999,166000,2.67,0.123,508,317000
Trinidad and Tobago,1999,22500,17.8,0,15.9,22900
Turkey,1999,208000,3.34,0.322,930,296000
Turkmenistan,1999,37600,8.43,0,22.9,56000
Ukraine,1999,298000,6.06,0.784,515,483000
United Arab Emirates,1999,77600,26.2,0,53.1,107000
United Kingdom,1999,561000,9.55,0.584,615,680000
United States,1999,5830000,20.9,1.95,7970,6810000
Uzbekistan,1999,122000,5.01,0.0337,122,168000
Venezuela,1999,173000,7.27,0.00152,314,231000
Vietnam,1999,46700,0.591,0.0449,96,176000
Algeria,2000,87500,2.82,0.0155,210,134000
Argentina,2000,142000,3.85,0.0166,200,331000
Australia,2000,350000,18.5,2.52,1210,1080000
Austria,2000,66400,8.22,0.453,17.5,82700
Azerbaijan,2000,29500,3.64,0,185,42600
Bangladesh,2000,26500,0.208,0.00251,65.6,136000
Belarus,2000,55500,5.62,0.1,71.4,83400
Belgium,2000,127000,12.3,0.778,84.5,147000
Brazil,2000,324000,1.86,0.0742,1180,1220000
Bulgaria,2000,45200,5.66,0.804,491,66200
Canada,2000,572000,18.7,0.995,1190,761000
Chile,2000,58200,3.79,0.21,1380,90400
China,2000,3350000,2.6,0.55,9980,5080000
Colombia,2000,56300,1.42,0.0669,130,165000
Czech Republic,2000,127000,12.4,2.1,132,162000
Denmark,2000,54300,10.2,0.743,13.5,68600
Ecuador,2000,20600,1.62,0,95.2,39800
Egypt,2000,140000,2.04,0.0124,228,184000
Finland,2000,57100,11,0.967,38,75100
France,2000,416000,7.06,0.238,314,560000
Germany,2000,901000,11.1,1.05,318,1020000
Greece,2000,103000,9.3,0.811,245,115000
Hungary,2000,58600,5.73,0.377,243,75500
India,2000,1030000,0.975,0.156,2730,1890000
Indonesia,2000,266000,1.26,0.0622,418,622000
Iran,2000,370000,5.63,0.0197,499,448000
Ireland,2000,45200,12,0.68,65.5,68100
Israel,2000,59600,10,1.04,218,65600
Italy,2000,471000,8.3,0.219,386,547000
Japan,2000,1270000,9.93,0.749,410,1410000
Kazakhstan,2000,134000,8.95,1.18,1600,207000
Kuwait,2000,53400,26.1,0,69.3,65200
Lithuania,2000,11800,3.37,0.0264,21.6,21300
Malaysia,2000,127000,5.46,0.107,130,171000
Mexico,2000,396000,4.01,0.0644,1380,576000
Netherlands,2000,172000,10.8,0.487,45.5,220000
New Zealand,2000,32300,8.38,0.291,31,74400
Norway,2000,42600,9.46,0.221,13.5,71200
Pakistan,2000,106000,0.741,0.0146,705,247000
Peru,2000,30100,1.14,0.0243,473,66600
Philippines,2000,72400,0.928,0.0515,350,150000
Poland,2000,318000,8.26,1.46,756,393000
Portugal,2000,66200,6.43,0.358,156,88600
Qatar,2000,34600,58.4,0,19.3,44400
Romania,2000,95500,4.31,0.339,456,133000
Russia,2000,1470000,10.1,0.722,3960,2770000
Saudi Arabia,2000,297000,14.4,0,218,311000
Singapore,2000,48900,12.1,0,81.6,0
Slovak Republic,2000,41300,7.64,0.792,62,50400
South Africa,2000,379000,8.42,1.63,1540,420000
South Korea,2000,446000,9.41,0.908,414,513000
Spain,2000,311000,7.62,0.512,761,381000
Sweden,2000,54700,6.16,0.276,27.5,77900
Switzerland,2000,43600,6.11,0.0192,9,53100
Thailand,2000,171000,2.71,0.125,467,284000
Trinidad and Tobago,2000,23800,18.8,0,16.4,24100
Turkey,2000,230000,3.64,0.355,1030,316000
Turkmenistan,2000,37500,8.3,0,25.1,63200
Ukraine,2000,286000,5.85,0.802,515,470000
United Arab Emirates,2000,112000,35.7,0,53.5,115000
United Kingdom,2000,568000,9.63,0.623,595,674000
United States,2000,6000000,21.3,2.02,7420,6970000
Uzbekistan,2000,122000,4.91,0.0289,116,166000
Venezuela,2000,152000,6.28,0.0054,371,252000
Vietnam,2000,52400,0.655,0.0583,88.8,156000
